reference_doi,lipid_molar_ratio,ionizable_lipid_name,encapsulation_efficiency_percent_std_num,np_ratio_std_num,buffer_ph_std_num,cargo_type,helper_lipid_name,peg_lipid_name,particle_size_nm_std_num,pdi_std_num,zeta_potential_mv_std_num,ionizable_lipid_smiles,source_note,source,confidence,evidence,title,chem_warnings,pmcid,ee_is_approximate
10.1038/s41467-024-50619-z,60:20:19.5:0.5,Custom lipid,92.08,,,mRNA,DOPE,DMG-PEG2000,108,0.19,2.28,,LNP_Atlas_DB_202509_v1 원본 0행,,,,,,,
10.1002/smll.201805097,35:46.5:16:2.5,Custom lipid,31.1,,,mRNA,DOPE,C14-PEG2000,149.2,0.106,,CCCCCCOC(=O)CCN(CCCN(C)CCCN(CCC(=O)OCCCCCC)CCC(=O)OCCCCCC)CCC(=O)OCCCCCC,LNP_Atlas_DB_202509_v1 원본 1004행 [수리됨],,,,,,,
10.1002/smll.201805097,35:16:46.5:2.5,Custom lipid,89.7,,,mRNA,DOPE,C14-PEG2000,161.6,0.129,,CCCCCCCCOC(=O)CCN(CCCN(N)CCCN(CCC(=O)OCCCCCCCC)CCC(=O)OCCCCCCCC)CCC(=O)OCCCCCCCC,LNP_Atlas_DB_202509_v1 원본 1005행,,,,,,,
10.1002/smll.201805097,35:16:46.5:2.5,Custom lipid,93.6,,,mRNA,DOPE,C14-PEG2000,166.6,0.135,,CCCCCCCCC(OC(=O)CCN(CCCN(C)CCCN(CCC(=O)OCCCCCCCCC)CCC(=O)OCCCCCCCCC)CCC(=O)OCCCCCCCCC),LNP_Atlas_DB_202509_v1 원본 1006행,,,,,,,
10.1002/smll.201805097,35:16:46.5:2.5,Custom lipid,89.3,,,mRNA,DOPE,C14-PEG2000,173.9,0.138,,CCCCCCCC(C)COC(=O)CCN(CCCN(C)CCCN(CCC(=O)OCC(C)CCCCCCCC)CCC(=O)OCC(C)CCCCCCCC)CCC(=O)OCC(C)CCCCCCCC,LNP_Atlas_DB_202509_v1 원본 1007행,,,,,,,
10.1002/smll.201805097,35:16:46.5:2.5,Custom lipid,89.7,,,mRNA,DOPE,C14-PEG2000,160,0.141,,CCCCCCCCCCOC(=O)CCN(CCCN(C)CCCN(CCC(=O)OCCCCCCCCCC)CCC(=O)OCCCCCCCCCC)CCC(=O)OCCCCCCCCCC,LNP_Atlas_DB_202509_v1 원본 1008행,,,,,,,
10.1002/smll.201805097,35:16:46.5:2.5,Custom lipid,84.7,,,mRNA,DOPE,C14-PEG2000,163.2,0.117,,CCCCCCCCCCCOC(=O)CCN(CCCN(C)CCCN(CCC(=O)OCCCCCCCCCCC)CCC(=O)OCCCCCCCCCCC)CCC(=O)OCCCCCCCCCCC,LNP_Atlas_DB_202509_v1 원본 1009행,,,,,,,
10.1021/acs.nanolett.5b02497,40:16:41:3,C12-200,45,,,mRNA,DSPC,C14-PEG2000,65,0.396,,NCCN1CCN(CCN(CC(O)CCCCCCCCCCCC)CC(O)CCCCCCCCCCCC)CC1CN(CC(O)CCCCCCCCCCCC)CN(CC(O)CCCCCCCCCCCC)CC(O)CCCCCCCCCCCC,LNP_Atlas_DB_202509_v1 원본 100행 [수리됨],,,,,,,
10.1002/smll.201805097,35:16:46.5:2.5,Custom lipid,88.1,,,mRNA,DOPE,C14-PEG2000,138.9,0.19,,CCCCCCCCCCCOC(=O)CCN(CCCN(C)CCCN(CCC(=O)OCCCCCCCCCCCC)CCC(=O)OCCCCCCCCCCCC)CCC(=O)OCCCCCCCCCCCC,LNP_Atlas_DB_202509_v1 원본 1010행,,,,,,,
10.1002/smll.201805097,35:16:46.5:2.5,Custom lipid,86.2,,,mRNA,DOPE,C14-PEG2000,139.5,0.127,,CCCCCCCCCCCCCOC(=O)CCN(CCCN(C)CCCN(CCC(=O)OCCCCCCCCCCCCC)CCC(=O)OCCCCCCCCCCCCC)CCC(=O)OCCCCCCCCCCCCC,LNP_Atlas_DB_202509_v1 원본 1011행,,,,,,,
10.1002/smll.201805097,35:16:46.5:2.5,Custom lipid,82.1,,,mRNA,DOPE,C14-PEG2000,118.5,0.216,,CCCCCCCCCCCCCCOC(=O)CCN(CCCN(C)CCCN(CCC(=O)OCCCCCCCCCCCCCC)CCC(=O)OCCCCCCCCCCCCCC)CCC(=O)OCCCCCCCCCCCCCC,LNP_Atlas_DB_202509_v1 원본 1012행,,,,,,,
10.1002/smll.201805097,35:16:46.5:2.5,Custom lipid,69,,,mRNA,DOPE,C14-PEG2000,180.7,0.17,,CCCCCCCCCCCCCCCCOC(=O)CCN(CCCN(C)CCCN(CCC(=O)OCCCCCCCCCCCCCCCC)CCC(=O)OCCCCCCCCCCCCCCCC)CCC(=O)OCCCCCCCCCCCCCCCC,LNP_Atlas_DB_202509_v1 원본 1013행,,,,,,,
10.1002/smll.201805097,35:16:46.5:2.5,Custom lipid,64.4,,,mRNA,DOPE,C14-PEG2000,190.7,0.324,,CCCCCCCCCCCCCCCCCCOC(=O)CCN(CCCN(C)CCCN(CCC(=O)OCCCCCCCCCCCCCCCCCC)CCC(=O)OCCCCCCCCCCCCCCCCCC)CCC(=O)OCCCCCCCCCCCCCCCCCC,LNP_Atlas_DB_202509_v1 원본 1014행,,,,,,,
10.1073/pnas.1209367109,40:10:48:2,DLinDMA,85.3,,,mRNA,DSPC,DMG-PEG2000,162,0.13,,CCCCC/C=C\C/C=C\CCCCCCCCOCC(CN(C)C)OCCCCCCCC/C=C\C/C=C\CCCCC,LNP_Atlas_DB_202509_v1 원본 1019행 [수리됨],,,,,,,
10.1021/acs.nanolett.5b02497,40:16:40.5:3.5,C12-200,39,,,mRNA,DSPC,C14-PEG2000,64,0.295,,NCCN1CCN(CCN(CC(O)CCCCCCCCCCCC)CC(O)CCCCCCCCCCCC)CC1CN(CC(O)CCCCCCCCCCCC)CN(CC(O)CCCCCCCCCCCC)CC(O)CCCCCCCCCCCC,LNP_Atlas_DB_202509_v1 원본 101행 [수리됨],,,,,,,
10.1073/pnas.1209367109,40:10:48:2,DLinDMA,93.6,,,mRNA,DSPC,DMG-PEG2000,145.8,0.09,,CCCCC/C=C\C/C=C\CCCCCCCCOCC(CN(C)C)OCCCCCCCC/C=C\C/C=C\CCCCC,LNP_Atlas_DB_202509_v1 원본 1020행 [수리됨],,,,,,,
10.1073/pnas.1209367109,40:10:48:2,DLinDMA,90.7,,,mRNA,DSPC,DMG-PEG2000,158.6,0.09,,CCCCC/C=C\C/C=C\CCCCCCCCOCC(CN(C)C)OCCCCCCCC/C=C\C/C=C\CCCCC,LNP_Atlas_DB_202509_v1 원본 1021행 [수리됨],,,,,,,
10.1073/pnas.1209367109,40:10:48:2,DLinDMA,95,,,mRNA,DSPC,DMG-PEG2000,164.3,0.14,,CCCCC/C=C\C/C=C\CCCCCCCCOCC(CN(C)C)OCCCCCCCC/C=C\C/C=C\CCCCC,LNP_Atlas_DB_202509_v1 원본 1022행 [수리됨],,,,,,,
10.1073/pnas.1209367109,40:10:48:2,DLinDMA,97.5,,,mRNA,DSPC,DMG-PEG2000,157.7,0.1,,CCCCC/C=C\C/C=C\CCCCCCCCOCC(CN(C)C)OCCCCCCCC/C=C\C/C=C\CCCCC,LNP_Atlas_DB_202509_v1 원본 1023행 [수리됨],,,,,,,
10.1073/pnas.1209367109,40:10:48:2,DLinDMA,92,,,mRNA,DSPC,DMG-PEG2000,129.9,0.104,,CCCCC/C=C\C/C=C\CCCCCCCCOCC(CN(C)C)OCCCCCCCC/C=C\C/C=C\CCCCC,LNP_Atlas_DB_202509_v1 원본 1024행 [수리됨],,,,,,,
10.1038/ncomms5277,50:10.75:38.5:0.75,Custom lipid,84.2,,,siRNA,DSPC,DMG-PEG2000,86,,13.7,,LNP_Atlas_DB_202509_v1 원본 1025행 [수리됨],,,,,,,
10.1038/ncomms5277,50:10:38.5:1.5,Custom lipid,79,,,siRNA,DSPC,DMG-PEG2000,98.2,,12.5,CCCCCCCCCCCOC(=O)CCN(CCCN(C)CCCN(CCC(=O)OCCCCCCCCCCCC)CCC(=O)OCCCCCCCCCCCC)CCC(=O)OCCCCCCCCCCCC,LNP_Atlas_DB_202509_v1 원본 1026행 [수리됨],,,,,,,
10.1038/ncomms5277,50:10:38.5:1.5,Custom lipid,75.8,,,siRNA,DSPC,DMG-PEG2000,91.1,,16.5,,LNP_Atlas_DB_202509_v1 원본 1027행 [수리됨],,,,,,,
10.1021/acs.nanolett.5b02497,35:16:46.5:2.5,C12-200,33,,,mRNA,DOPE,C14-PEG2000,106,0.216,,NCCN1CCN(CCN(CC(O)CCCCCCCCCCCC)CC(O)CCCCCCCCCCCC)CC1CN(CC(O)CCCCCCCCCCCC)CN(CC(O)CCCCCCCCCCCC)CC(O)CCCCCCCCCCCC,LNP_Atlas_DB_202509_v1 원본 102행 [수리됨],,,,,,,
10.1021/acs.nanolett.5b02497,35:16:46.5:2.5,C12-200,40,,,mRNA,DOPE,C14-PEG2000,106,0.159,,NCCN1CCN(CCN(CC(O)CCCCCCCCCCCC)CC(O)CCCCCCCCCCCC)CC1CN(CC(O)CCCCCCCCCCCC)CN(CC(O)CCCCCCCCCCCC)CC(O)CCCCCCCCCCCC,LNP_Atlas_DB_202509_v1 원본 103행 [수리됨],,,,,,,
10.1021/acs.nanolett.5b02497,35:16:46.5:2.5,C12-200,43,,,mRNA,DOPE,C14-PEG2000,102,0.158,5,NCCN1CCN(CCN(CC(O)CCCCCCCCCCCC)CC(O)CCCCCCCCCCCC)CC1CN(CC(O)CCCCCCCCCCCC)CN(CC(O)CCCCCCCCCCCC)CC(O)CCCCCCCCCCCC,LNP_Atlas_DB_202509_v1 원본 104행 [수리됨],,,,,,,
10.1021/acs.nanolett.5b02497,35:16:46.5:2.5,C12-200,48,,,mRNA,DOPE,C14-PEG2000,102,0.147,,NCCN1CCN(CCN(CC(O)CCCCCCCCCCCC)CC(O)CCCCCCCCCCCC)CC1CN(CC(O)CCCCCCCCCCCC)CN(CC(O)CCCCCCCCCCCC)CC(O)CCCCCCCCCCCC,LNP_Atlas_DB_202509_v1 원본 105행 [수리됨],,,,,,,
10.1021/acs.nanolett.5b02497,35:16:46.5:2.5,C12-200,53,,,mRNA,DOPE,C14-PEG2000,98,0.177,,NCCN1CCN(CCN(CC(O)CCCCCCCCCCCC)CC(O)CCCCCCCCCCCC)CC1CN(CC(O)CCCCCCCCCCCC)CN(CC(O)CCCCCCCCCCCC)CC(O)CCCCCCCCCCCC,LNP_Atlas_DB_202509_v1 원본 106행 [수리됨],,,,,,,
10.1021/acs.nanolett.5b02497,35:16:46.5:2.5,C12-200,52,,,mRNA,DOPE,C14-PEG2000,109,0.151,,NCCN1CCN(CCN(CC(O)CCCCCCCCCCCC)CC(O)CCCCCCCCCCCC)CC1CN(CC(O)CCCCCCCCCCCC)CN(CC(O)CCCCCCCCCCCC)CC(O)CCCCCCCCCCCC,LNP_Atlas_DB_202509_v1 원본 107행 [수리됨],,,,,,,
10.1021/acs.nanolett.0c01386,50:10:38.5:1.5,DLin-MC3-DMA,95,,,mRNA,DSPC,DMG-PEG2000,80,0.05,,CCCCC/C=C\C/C=C\CCCCCCCCC(OC(=O)CCCN(C)C)CCCCCCCC/C=C\C/C=C\CCCCC,LNP_Atlas_DB_202509_v1 원본 1087행 [수리됨],,,,,,,
10.1021/acs.nanolett.0c01386,50:10:38.5:1.5,DLin-MC3-DMA,92,,,mRNA,DSPC,DMG-PEG2000,90,0.08,,CCCCC/C=C\C/C=C\CCCCCCCCC(OC(=O)CCCN(C)C)CCCCCCCC/C=C\C/C=C\CCCCC,LNP_Atlas_DB_202509_v1 원본 1088행 [수리됨],,,,,,,
10.1021/acs.nanolett.0c01386,50:10:38.5:1.5,DLin-MC3-DMA,90,,,mRNA,DSPC,DMG-PEG2000,85,0.07,,CCCCC/C=C\C/C=C\CCCCCCCCC(OC(=O)CCCN(C)C)CCCCCCCC/C=C\C/C=C\CCCCC,LNP_Atlas_DB_202509_v1 원본 1089행 [수리됨],,,,,,,
10.1021/acs.nanolett.5b02497,50:10:38.5:1.5,C12-200,27,,,mRNA,DSPC,C14-PEG2000,113,0.147,,NCCN1CCN(CCN(CC(O)CCCCCCCCCCCC)CC(O)CCCCCCCCCCCC)CC1CN(CC(O)CCCCCCCCCCCC)CN(CC(O)CCCCCCCCCCCC)CC(O)CCCCCCCCCCCC,LNP_Atlas_DB_202509_v1 원본 108행 [수리됨],,,,,,,
10.1021/acs.nanolett.0c01386,50:10:38.5:1.5,DLin-MC3-DMA,88,,,mRNA,DSPC,DMG-PEG2000,95,0.1,,CCCCC/C=C\C/C=C\CCCCCCCCC(OC(=O)CCCN(C)C)CCCCCCCC/C=C\C/C=C\CCCCC,LNP_Atlas_DB_202509_v1 원본 1090행 [수리됨],,,,,,,
10.1021/acs.nanolett.0c01386,50:10:38.5:1.5,DLin-MC3-DMA,85,,,mRNA,DSPC,DMG-PEG2000,100,0.12,,CCCCC/C=C\C/C=C\CCCCCCCCC(OC(=O)CCCN(C)C)CCCCCCCC/C=C\C/C=C\CCCCC,LNP_Atlas_DB_202509_v1 원본 1091행 [수리됨],,,,,,,
10.1021/acs.nanolett.5b02497,35:16:46.5:2.5,C12-200,48,,,mRNA,DOPE,C14-PEG2000,82,0.221,,NCCN1CCN(CCN(CC(O)CCCCCCCCCCCC)CC(O)CCCCCCCCCCCC)CC1CN(CC(O)CCCCCCCCCCCC)CN(CC(O)CCCCCCCCCCCC)CC(O)CCCCCCCCCCCC,LNP_Atlas_DB_202509_v1 원본 109행 [수리됨],,,,,,,
10.1021/acs.nanolett.5b02497,50:10:38.5:1.5,C12-200,59,,,siRNA,DSPC,C14-PEG2000,65,0.15,,NCCN1CCN(CCN(CC(O)CCCCCCCCCCCC)CC(O)CCCCCCCCCCCC)CC1CN(CC(O)CCCCCCCCCCCC)CN(CC(O)CCCCCCCCCCCC)CC(O)CCCCCCCCCCCC,LNP_Atlas_DB_202509_v1 원본 110행 [수리됨],,,,,,,
10.1021/acs.nanolett.5b02497,35:16:46.5:2.5,C12-200,58,,,siRNA,DOPE,C14-PEG2000,109,0.288,,NCCN1CCN(CCN(CC(O)CCCCCCCCCCCC)CC(O)CCCCCCCCCCCC)CC1CN(CC(O)CCCCCCCCCCCC)CN(CC(O)CCCCCCCCCCCC)CC(O)CCCCCCCCCCCC,LNP_Atlas_DB_202509_v1 원본 111행 [수리됨],,,,,,,
10.1016/j.ymthe.2018.03.010,50:10:38.5:1.5,Custom lipid,96.9,,,mRNA,DSPC,PEG-lipid,93.8,0.14,,CCCCC/C=C\C/C=C\CCCCCCCCN(CCCCCCCC/C=C\C/C=C\CCCCC)CCO,LNP_Atlas_DB_202509_v1 원본 112행,,,,,,,
10.1016/j.ymthe.2018.03.010,50:10:38.5:1.5,Custom lipid,91.8,,,mRNA,DSPC,PEG-lipid,179.4,0.14,,CCCCCCCCCOC(=O)CCCCCCCN(CCCCCCCC(=O)OCCCCCCCCC)CCO,LNP_Atlas_DB_202509_v1 원본 113행,,,,,,,
10.1016/j.ymthe.2018.03.010,50:10:38.5:1.5,Custom lipid,90.9,,,mRNA,DSPC,PEG-lipid,140.4,0.11,,CCCCCCCCCOC(=O)CCCCCCCN(CCCCCCCC/C=C\C/C=C\CCCCC)CCO,LNP_Atlas_DB_202509_v1 원본 114행,,,,,,,
10.1016/j.ymthe.2018.03.010,50:10:38.5:1.5,Custom lipid,97.6,,,mRNA,DSPC,PEG-lipid,73.1,0.07,,CCCCCCCCC(CCCCCCCC)OC(=O)CCCCCCCN(CCCCCCCC/C=C\C/C=C\CCCCC)CCO,LNP_Atlas_DB_202509_v1 원본 115행,,,,,,,
10.1016/j.ymthe.2018.03.010,50:10:38.5:1.5,Heptadecan-9-yl 8-((2-hydroxyethyl)(8-(nonyloxy)-8-oxooctyl)amino)octanoate,97.5,,,mRNA,DSPC,PEG-lipid,86.2,0.04,,CCCCCCCCCOC(=O)CCCCCCCN(CCCCCCCC(=O)OC(CCCCCCCC)CCCCCCCC)CCO,LNP_Atlas_DB_202509_v1 원본 116행,,,,,,,
10.1016/j.ymthe.2018.03.010,50:10:38.5:1.5,Custom lipid,97,,,mRNA,DSPC,PEG-lipid,66.8,0.11,,CCCCCCCCC(CCCCCCCC)OC(=O)CCCCCCCN(CCCCCCCC(=O)OC(CCCCCCCC)CCCCCCCC)CCO,LNP_Atlas_DB_202509_v1 원본 117행,,,,,,,
10.1016/j.ymthe.2018.03.010,50:10:38.5:1.5,Custom lipid,95.2,,,mRNA,DSPC,PEG-lipid,130.1,0.15,,CCCCCCCCCOC(=O)CCCCCCCN(CCCCCCCC(=O)OC(CCCCCCCC)CCCCCCCC)CCN(C)C,LNP_Atlas_DB_202509_v1 원본 118행,,,,,,,
10.1016/j.ymthe.2018.03.010,50:10:38.5:1.5,SM-102,95.8,,,mRNA,DSPC,PEG-lipid,85.8,0.1,,CCCCCCCCCCCOC(=O)CCCCCN(CCCCCCCC(=O)OC(CCCCCCCC)CCCCCCCC)CCO,LNP_Atlas_DB_202509_v1 원본 119행,,,,,,,
10.1016/j.ymthe.2018.03.010,50:10:38.5:1.5,Custom lipid,97.4,,,mRNA,DSPC,PEG-lipid,91.9,0.16,,CCCCCCCCCOC(=O)CCCN(CCCCCCCC(=O)OC(CCCCCCCC)CCCCCCCC)CCO,LNP_Atlas_DB_202509_v1 원본 120행,,,,,,,
10.1016/j.ymthe.2018.03.010,50:10:38.5:1.5,Custom lipid,98.3,,,mRNA,DSPC,PEG-lipid,69.6,0.14,,CCCCCCCCCCCOC(=O)CCCCCN(CCCCCC(=O)OC(CCCCCCCCCC)CCCCCCCCCC)CCO,LNP_Atlas_DB_202509_v1 원본 121행,,,,,,,
10.1016/j.ymthe.2018.03.010,50:10:38.5:1.5,DLin-MC3-DMA,97.3,,,mRNA,DSPC,PEG-lipid,85.6,0.11,,CCCCC/C=C\C/C=C\CCCCCCCCC(OC(=O)CCCN(C)C)CCCCCCCC/C=C\C/C=C\CCCCC,LNP_Atlas_DB_202509_v1 원본 122행,,,,,,,
10.1073/pnas.1306529110,50:10:38.5:1.5,Custom lipid,90,,,siRNA,DSPC,DMG-PEG2000,130,,,CCCCCCCCCCSCC(COC(=O)CCN(CCCN(C)C)CCC(=O)OCC(CSCCCCCCCCCC)SCCCCCCCCCC)SCCCCCCCCCC,LNP_Atlas_DB_202509_v1 원본 141행 [수리됨],,,,,,,
10.1073/pnas.1306529110,50:10:38.5:1.5,Custom lipid,88,,,siRNA,DSPC,DMG-PEG2000,140,,,CCCCCCCCCCSCC(COC(=O)CCN(CCCN(CC)CC)CCC(=O)OCC(CSCCCCCCCCCC)SCCCCCCCCCC)SCCCCCCCCCC,LNP_Atlas_DB_202509_v1 원본 142행 [수리됨],,,,,,,
10.1073/pnas.1306529110,50:10:38.5:1.5,Custom lipid,87,,,siRNA,DSPC,DMG-PEG2000,140,,,CCCCCCCCCCSCC(COC(=O)CCN(CCC(=O)OCC(CSCCCCCCCCCC)SCCCCCCCCCC)CCN(C)C)SCCCCCCCCCC,LNP_Atlas_DB_202509_v1 원본 143행 [수리됨],,,,,,,
10.1073/pnas.1306529110,50:10:38.5:1.5,Custom lipid,89,,,siRNA,DSPC,DMG-PEG2000,130,,,CCCCCCCCCCSCC(COC(=O)CCN(CCC(=O)OCC(CSCCCCCCCCCC)SCCCCCCCCCC)CCN(C(C)C)C(C)C)SCCCCCCCCCC,LNP_Atlas_DB_202509_v1 원본 144행 [수리됨],,,,,,,
10.1073/pnas.1306529110,50:10:38.5:1.5,Custom lipid,88,,,siRNA,DSPC,DMG-PEG2000,140,,,CCCCCCCCCCSCC(COC(=O)CCN(CCC(=O)OCC(CSCCCCCCCCCC)SCCCCCCCCCC)CC(C)(C)CN(C)C)SCCCCCCCCCC,LNP_Atlas_DB_202509_v1 원본 145행 [수리됨],,,,,,,
10.1073/pnas.1306529110,50:10:38.5:1.5,Custom lipid,87,,,siRNA,DSPC,DMG-PEG2000,135,,,CCCCCCCCCCSCC(COC(=O)CCN(CCCN(CCCC)CCCC)CCC(=O)OCC(CSCCCCCCCCCC)SCCCCCCCCCC)SCCCCCCCCCC,LNP_Atlas_DB_202509_v1 원본 146행 [수리됨],,,,,,,
10.1073/pnas.1306529110,50:10:38.5:1.5,Custom lipid,86,,,siRNA,DSPC,DMG-PEG2000,125,,,CCCCCCCCCCSCC(COC(=O)CCN(CCC(=O)OCC(CSCCCCCCCCCC)SCCCCCCCCCC)CCN1CCCCC1)SCCCCCCCCCC,LNP_Atlas_DB_202509_v1 원본 147행 [수리됨],,,,,,,
10.1073/pnas.1306529110,50:10:38.5:1.5,Custom lipid,85,,,siRNA,DSPC,DMG-PEG2000,125,,,CCCCCCCCCCSCC(COC(=O)CCN(CCC(=O)OCC(CSCCCCCCCCCC)SCCCCCCCCCC)CCN1CCOCC1)SCCCCCCCCCC,LNP_Atlas_DB_202509_v1 원본 148행 [수리됨],,,,,,,
10.1073/pnas.1306529110,50:10:38.5:1.5,Custom lipid,84,,,siRNA,DSPC,DMG-PEG2000,170,,,CCCCCCCCCCSCC(COC(=O)CCN(CCC(=O)OCC(CSCCCCCCCCCC)SCCCCCCCCCC)CCN1CCCC1)SCCCCCCCCCC,LNP_Atlas_DB_202509_v1 원본 149행 [수리됨],,,,,,,
10.1073/pnas.1306529110,50:10:38.5:1.5,Custom lipid,86,,,siRNA,DSPC,DMG-PEG2000,165,,,CCCCCCCCCCSCC(COC(=O)CCN(CCC(=O)OCC(CSCCCCCCCCCC)SCCCCCCCCCC)C1CN(C)C1)SCCCCCCCCCC,LNP_Atlas_DB_202509_v1 원본 150행 [수리됨],,,,,,,
10.1073/pnas.1306529110,50:10:38.5:1.5,Custom lipid,87,,,siRNA,DSPC,DMG-PEG2000,140,,,CCCCCCCCCCSCC(COC(=O)CCN(CCC(=O)OCC(CSCCCCCCCCCC)SCCCCCCCCCC)C1CCN(C)C1)SCCCCCCCCCC,LNP_Atlas_DB_202509_v1 원본 151행 [수리됨],,,,,,,
10.1073/pnas.1306529110,50:10:38.5:1.5,Custom lipid,88,,,siRNA,DSPC,DMG-PEG2000,130,,,CCCCCCCCCCSCC(COC(=O)CCN(CCCN1CCCC1)CCC(=O)OCC(CSCCCCCCCCCC)SCCCCCCCCCC)SCCCCCCCCCC,LNP_Atlas_DB_202509_v1 원본 152행 [수리됨],,,,,,,
10.1073/pnas.1306529110,50:10:38.5:1.5,Custom lipid,85,,,siRNA,DSPC,DMG-PEG2000,160,,,CCCCCCCCCCSCC(COC(=O)CCN(CCC1=NC=CC=C1)CCC(=O)OCC(CSCCCCCCCCCC)SCCCCCCCCCC)SCCCCCCCCCC,LNP_Atlas_DB_202509_v1 원본 153행 [수리됨],,,,,,,
10.1073/pnas.1306529110,50:10:38.5:1.5,Custom lipid,89,,,siRNA,DSPC,DMG-PEG2000,130,,,CCCCCCCCCCSCC(COC(=O)CCN(CCC(=O)OCC(CSCCCCCCCCCC)SCCCCCCCCCC)CCN1CCC(C)C1)SCCCCCCCCCC,LNP_Atlas_DB_202509_v1 원본 154행 [수리됨],,,,,,,
10.1073/pnas.1306529110,50:10:38.5:1.5,Custom lipid,90,,,siRNA,DSPC,DMG-PEG2000,120,,,CCCCCCCCCCSCC(COC(=O)CCN(CCC1CCN(C)C1)CCC(=O)OCC(CSCCCCCCCCCC)SCCCCCCCCCC)SCCCCCCCCCC,LNP_Atlas_DB_202509_v1 원본 155행 [수리됨],,,,,,,
10.1073/pnas.1306529110,50:10:38.5:1.5,Custom lipid,88,,,siRNA,DSPC,DMG-PEG2000,125,,,CCCCCCCCCCSCC(COC(=O)CCN(CCC1CCCN1C)CCC(=O)OCC(CSCCCCCCCCCC)SCCCCCCCCCC)SCCCCCCCCCC,LNP_Atlas_DB_202509_v1 원본 156행 [수리됨],,,,,,,
10.1073/pnas.1306529110,50:10:38.5:1.5,Custom lipid,87,,,siRNA,DSPC,DMG-PEG2000,150,,,CCCCCCCCCCSCC(COC(=O)CCN(CCC(=O)OCC(CSCCCCCCCCCC)SCCCCCCCCCC)CCN1CCCC1C)SCCCCCCCCCC,LNP_Atlas_DB_202509_v1 원본 157행 [수리됨],,,,,,,
10.1073/pnas.1306529110,50:10:38.5:1.5,Custom lipid,18,,,siRNA,DSPC,DMG-PEG2000,220,,,CCCCCCCCCCSCC(COC(=O)CCN(CCC1CCCC1)CCC(=O)OCC(CSCCCCCCCCCC)SCCCCCCCCCC)SCCCCCCCCCC,LNP_Atlas_DB_202509_v1 원본 158행 [수리됨],,,,,,,
10.1073/pnas.1306529110,50:10:38.5:1.5,Custom lipid,89,,,siRNA,DSPC,DMG-PEG2000,125,,,CCCCCCCCCCSCC(COC(=O)CCN(CCCN1CCCCC1C)CCC(=O)OCC(CSCCCCCCCCCC)SCCCCCCCCCC)SCCCCCCCCCC,LNP_Atlas_DB_202509_v1 원본 159행 [수리됨],,,,,,,
10.1073/pnas.1306529110,50:10:38.5:1.5,Custom lipid,91,,,siRNA,DSPC,DMG-PEG2000,135,,,CCCCCCCCCCSCC(COC(=O)CCN(CCCN1C=CN=C1)CCC(=O)OCC(CSCCCCCCCCCC)SCCCCCCCCCC)SCCCCCCCCCC,LNP_Atlas_DB_202509_v1 원본 160행 [수리됨],,,,,,,
10.1073/pnas.1306529110,50:10:38.5:1.5,Custom lipid,88,,,siRNA,DSPC,DMG-PEG2000,120,,,CCCCCCCCCCSCC(COC(=O)CCN(CCCN1CCCN(C)CC1)CCC(=O)OCC(CSCCCCCCCCCC)SCCCCCCCCCC)SCCCCCCCCCC,LNP_Atlas_DB_202509_v1 원본 161행 [수리됨],,,,,,,
10.1073/pnas.1306529110,50:10:38.5:1.5,Custom lipid,87,,,siRNA,DSPC,DMG-PEG2000,125,,,CCCCCCCCCCSCC(COC(=O)CCN(CCCN1CCN(C)CC1)CCC(=O)OCC(CSCCCCCCCCCC)SCCCCCCCCCC)SCCCCCCCCCC,LNP_Atlas_DB_202509_v1 원본 162행 [수리됨],,,,,,,
10.1073/pnas.1306529110,50:10:38.5:1.5,Custom lipid,86,,,siRNA,DSPC,DMG-PEG2000,150,,,CCCCCCCCCCSCC(COC(=O)CCN(CCC(=O)OCC(CSCCCCCCCCCC)SCCCCCCCCCC)CCN1CCN(C)CC1)SCCCCCCCCCC,LNP_Atlas_DB_202509_v1 원본 163행 [수리됨],,,,,,,
10.1073/pnas.1306529110,50:10:38.5:1.5,Custom lipid,20,,,siRNA,DSPC,DMG-PEG2000,130,,,CCCCCCCCCCSCC(COC(=O)CCN(CCC(=O)OCC(CSCCCCCCCCCC)SCCCCCCCCCC)CCN1CCCN(C)CC1)SCCCCCCCCCC,LNP_Atlas_DB_202509_v1 원본 164행 [수리됨],,,,,,,
10.1073/pnas.1306529110,50:10:38.5:1.5,Custom lipid,89,,,siRNA,DSPC,DMG-PEG2000,140,,,CCCCCCCCCCSCC(COC(=O)CCN(CCC(=O)OCC(CSCCCCCCCCCC)SCCCCCCCCCC)CC1CN(C)CCN1C)SCCCCCCCCCC,LNP_Atlas_DB_202509_v1 원본 165행 [수리됨],,,,,,,
10.1073/pnas.1306529110,50:10:38.5:1.5,Custom lipid,90,,,siRNA,DSPC,DMG-PEG2000,130,,,CCCCCCCCCCSCC(COC(=O)CCN(CCCC)CCC(=O)OCC(CSCCCCCCCCCC)SCCCCCCCCCC)SCCCCCCCCCC,LNP_Atlas_DB_202509_v1 원본 166행 [수리됨],,,,,,,
10.1073/pnas.1306529110,50:10:38.5:1.5,Custom lipid,88,,,siRNA,DSPC,DMG-PEG2000,125,,,CCCCCCCCCCSCC(COC(=O)CCN(CCC(=O)OCC(CSCCCCCCCCCC)SCCCCCCCCCC)C1CCN(C)CC1)SCCCCCCCCCC,LNP_Atlas_DB_202509_v1 원본 167행 [수리됨],,,,,,,
10.1073/pnas.1306529110,50:10:38.5:1.5,Custom lipid,87,,,siRNA,DSPC,DMG-PEG2000,115,,,CCCCCCCCCCSCC(COC(=O)CCN(CCC(=O)OCC(CSCCCCCCCCCC)SCCCCCCCCCC)CCN1CCS(=O)(=O)CC1)SCCCCCCCCCC,LNP_Atlas_DB_202509_v1 원본 168행 [수리됨],,,,,,,
10.1073/pnas.1306529110,50:10:38.5:1.5,Custom lipid,89,,,siRNA,DSPC,DMG-PEG2000,105,,,CCCCCCCCCCSCC(COC(=O)CCN(CCC(=O)OCC(CSCCCCCCCCCC)SCCCCCCCCCC)C1CCN(CC1)CC2=CC=CC=C2)SCCCCCCCCCC,LNP_Atlas_DB_202509_v1 원본 169행 [수리됨],,,,,,,
10.1073/pnas.1306529110,50:10:38.5:1.5,Custom lipid,88,,,siRNA,DSPC,DMG-PEG2000,100,,,CCCCCCCCCCSCC(COC(=O)CCN(CCC(=O)OCC(CSCCCCCCCCCC)SCCCCCCCCCC)C1CCN(CC2=CC=CC=C2)C1)SCCCCCCCCCC,LNP_Atlas_DB_202509_v1 원본 170행 [수리됨],,,,,,,
10.1073/pnas.1306529110,50:10:38.5:1.5,Custom lipid,87,,,siRNA,DSPC,DMG-PEG2000,95,,,CCCCCCCCCCSCC(COC(=O)CCN(CCC(=O)OCC(CSCCCCCCCCCC)SCCCCCCCCCC)C(C)CN(C)C)SCCCCCCCCCC,LNP_Atlas_DB_202509_v1 원본 171행 [수리됨],,,,,,,
10.1073/pnas.1306529110,50:10:38.5:1.5,Custom lipid,90,,,siRNA,DSPC,DMG-PEG2000,95,,,CCCCCCCCCCSCC(COC(=O)CCN(C)CCN(C)CCC(=O)OCC(CSCCCCCCCCCC)SCCCCCCCCCC)SCCCCCCCCCC,LNP_Atlas_DB_202509_v1 원본 172행 [수리됨],,,,,,,
10.1126/sciadv.abc2315,22.0386:33.0579:44.0771:0.826446,Custom lipid,91,,,mRNA,DOPE,DMG-PEG2000,86,0.25,11,CCC(CCCC)COC(=O)CCCCCCCN(CCC(CCCC)COC(=O)CCCCCCCC)CCCNC(=O)c1cc(C(=O)NCCN(CCC(CCCC)COC(=O)CCCCCCCC)CCC(CCCC)COC(=O)CCCCCCCC)cc(C(=O)NCCCN(CCC(CCCC)COC(=O)CCCCCCCC)CCC(CCCC)COC(=O)CCCCCCCC)c1,LNP_Atlas_DB_202509_v1 원본 178행 [수리됨],,,,,,,
10.1016/j.jconrel.2005.06.014,30:20:48:2,DSDMA,67,,,siRNA,DSPC,PEG-c-DMA,182,0.15,,CCCCCCCCCCCCCCCCCCOCC(CN(C)C)OCCCCCCCCCCCCCCCCCC,LNP_Atlas_DB_202509_v1 원본 184행 [수리됨],,,,,,,
10.1016/j.jconrel.2005.06.014,30:20:48:2,DODMA,84,,,siRNA,DSPC,PEG-c-DMA,137,0.12,,CCCCCCCC/C=C\CCCCCCCCOCC(CN(C)C)OCCCCCCCC/C=C\CCCCCCCC,LNP_Atlas_DB_202509_v1 원본 185행 [수리됨],,,,,,,
10.1016/j.jconrel.2005.06.014,30:20:48:2,DLinDMA,84,,,siRNA,DSPC,PEG-c-DMA,140,0.11,,CCCCC/C=C\C/C=C\CCCCCCCCOCC(CN(C)C)OCCCCCCCC/C=C\C/C=C\CCCCC,LNP_Atlas_DB_202509_v1 원본 186행 [수리됨],,,,,,,
10.1016/j.jconrel.2005.06.014,30:20:48:2,DLenDMA,85,,,siRNA,DSPC,PEG-c-DMA,132,0.13,,CC/C=C\C/C=C\C/C=C\CCCCCCCCOCC(CN(C)C)OCCCCCCCC/C=C\C/C=C\C/C=C\CC,LNP_Atlas_DB_202509_v1 원본 187행 [수리됨],,,,,,,
10.1016/j.nano.2016.12.014,50:10:38.5:1,DLin-KC2-DMA,97.58,,,DNA,DOPE,DMG-PEG2000,76.17,0.059,23.1,CCCCC/C=C\C/C=C\CCCCCCCCC1(OC(CO1)CCN(C)C)CCCCCCCC/C=C\C/C=C\CCCCC,LNP_Atlas_DB_202509_v1 원본 188행 [수리됨],,,,,,,
10.1016/j.nano.2016.12.014,50:10:38.5:1,DLin-KC2-DMA,96.59,,,DNA,DOPC,DMG-PEG2000,74.44,0.06,25.8,CCCCC/C=C\C/C=C\CCCCCCCCC1(OC(CO1)CCN(C)C)CCCCCCCC/C=C\C/C=C\CCCCC,LNP_Atlas_DB_202509_v1 원본 189행 [수리됨],,,,,,,
10.1016/j.nano.2016.12.014,50:10:38.5:1,DLin-KC2-DMA,95.93,,,DNA,SOPC,DMG-PEG2000,66.45,0.062,25.03,CCCCC/C=C\C/C=C\CCCCCCCCC1(OC(CO1)CCN(C)C)CCCCCCCC/C=C\C/C=C\CCCCC,LNP_Atlas_DB_202509_v1 원본 190행 [수리됨],,,,,,,
10.1016/j.nano.2016.12.014,50:10:38.5:1,DLin-KC2-DMA,94.89,,,DNA,DSPC,DMG-PEG2000,69.99,0.071,24.07,CCCCC/C=C\C/C=C\CCCCCCCCC1(OC(CO1)CCN(C)C)CCCCCCCC/C=C\C/C=C\CCCCC,LNP_Atlas_DB_202509_v1 원본 191행 [수리됨],,,,,,,
10.1038/mtna.2014.61,51:10:39:1.5,DLin-MC3-DMA,96,,,siRNA,DSPC,DMG-PEG2000,58,0.088,32,CCCCC/C=C\C/C=C\CCCCCCCCC(OC(=O)CCCN(C)C)CCCCCCCC/C=C\C/C=C\CCCCC,LNP_Atlas_DB_202509_v1 원본 192행,,,,,,,
10.1038/mtna.2014.61,51:10:39:5,DLin-MC3-DMA,81,,,siRNA,DSPC,DMG-PEG2000,47,0.127,24,CCCCC/C=C\C/C=C\CCCCCCCCC(OC(=O)CCCN(C)C)CCCCCCCC/C=C\C/C=C\CCCCC,LNP_Atlas_DB_202509_v1 원본 193행,,,,,,,
10.1038/mtna.2014.61,46.3636:9.09091:35.4545:9.09091,DLin-MC3-DMA,82,,,siRNA,DSPC,DMG-PEG2000,46,0.139,18,CCCCC/C=C\C/C=C\CCCCCCCCC(OC(=O)CCCN(C)C)CCCCCCCC/C=C\C/C=C\CCCCC,LNP_Atlas_DB_202509_v1 원본 194행 [수리됨],,,,,,,
10.1002/adma.201606944,35:16:46.5:2.5,OF-Deg-Lin,60,,,mRNA,DOPE,C14-PEG2000,75,0.197,,CCCCC/C=C\C/C=C\CCCCCCCC(=O)OCCN(CCOC(=O)CCCCCCC/C=C\C/C=C\CCCCC)CCCCC1NC(=O)C(NC1=O)CCCCN(CCOC(=O)CCCCCCC/C=C\C/C=C\CCCCC)CCOC(=O)CCCCCCC/C=C\C/C=C\CCCCC,LNP_Atlas_DB_202509_v1 원본 197행,,,,,,,
10.1002/adma.201606944,35:16:46.5:2.5,OF-Deg-Lin,60,,,mRNA,DOPE,C14-PEG2000,75,0.197,,CCCCC/C=C\C/C=C\CCCCCCCC(=O)OCCN(CCOC(=O)CCCCCCC/C=C\C/C=C\CCCCC)CCCCC1NC(=O)C(NC1=O)CCCCN(CCOC(=O)CCCCCCC/C=C\C/C=C\CCCCC)CCOC(=O)CCCCCCC/C=C\C/C=C\CCCCC,LNP_Atlas_DB_202509_v1 원본 198행,,,,,,,
10.1038/s41467-024-45422-9,35:16:46.5:2.5,Custom lipid,52.8,,,mRNA,DOPE,C14-PEG2000,213.2,0.4,1.6,NNCC1=CC(=C(O)C(=C1)OC(=O)CC(CC)CCC)OC(=O)CC(CC)CCC,LNP_Atlas_DB_202509_v1 원본 201행 [수리됨],,,,,,,
10.1038/s41467-024-45422-9,35:16:46.5:2.5,Custom lipid,69.7,,,mRNA,DOPE,C14-PEG2000,221.9,0.35,4.2,NCCCCNCC1=CC(=C(O)C(=C1)OC(=O)CC(CC)CCC)OC(=O)CC(CC)CCC,LNP_Atlas_DB_202509_v1 원본 202행 [수리됨],,,,,,,
10.1038/s41467-024-45422-9,35:16:46.5:2.5,Custom lipid,57.4,,,mRNA,DOPE,C14-PEG2000,185.3,0.29,6.2,NC1CCN(CC1)CC2=CC(=C(O)C(=C2)OC(=O)CC(CC)CCC)OC(=O)CC(CC)CCC,LNP_Atlas_DB_202509_v1 원본 203행 [수리됨],,,,,,,
10.1038/s41467-024-45422-9,35:16:46.5:2.5,Custom lipid,63,,,mRNA,DOPE,C14-PEG2000,205.6,0.29,7.1,NCCN1CCN(CC1)CC2=CC(=C(O)C(=C2)OC(=O)CC(CC)CCC)OC(=O)CC(CC)CCC,LNP_Atlas_DB_202509_v1 원본 204행 [수리됨],,,,,,,
10.1038/s41467-024-45422-9,35:16:46.5:2.5,Custom lipid,51.5,,,mRNA,DOPE,C14-PEG2000,219.7,0.34,5.4,NCCCN(CC1=CC(=C(O)C(=C1)OC(=O)CC(CC)CCC)OC(=O)CC(CC)CCC)CCN,LNP_Atlas_DB_202509_v1 원본 205행 [수리됨],,,,,,,
10.1038/s41467-024-45422-9,35:16:46.5:2.5,Custom lipid,76.9,,,mRNA,DOPE,C14-PEG2000,214.6,0.31,6.6,NCCN(CC1=CC(=C(O)C(=C1)OC(=O)CC(CC)CCC)OC(=O)CC(CC)CCC)CCCN,LNP_Atlas_DB_202509_v1 원본 206행 [수리됨],,,,,,,
10.1038/s41467-024-45422-9,35:16:46.5:2.5,Custom lipid,73.4,,,mRNA,DOPE,C14-PEG2000,182.5,0.25,6.2,NNCC1=CC(=C(O)C(=C1)OC(=O)CC(CC)CCCC)OC(=O)CC(CC)CCCC,LNP_Atlas_DB_202509_v1 원본 207행 [수리됨],,,,,,,
10.1038/s41467-024-45422-9,35:16:46.5:2.5,Custom lipid,77.6,,,mRNA,DOPE,C14-PEG2000,217,0.41,0.1,NCCCCNCC1=CC(=C(O)C(=C1)OC(=O)CC(CC)CCCC)OC(=O)CC(CC)CCCC,LNP_Atlas_DB_202509_v1 원본 208행 [수리됨],,,,,,,
10.1038/s41467-024-45422-9,35:16:46.5:2.5,Custom lipid,71.6,,,mRNA,DOPE,C14-PEG2000,150.1,0.21,4.5,NC1CCN(CC1)CC2=CC(=C(O)C(=C2)OC(=O)CC(CC)CCCC)OC(=O)CC(CC)CCCC,LNP_Atlas_DB_202509_v1 원본 209행 [수리됨],,,,,,,
10.1038/s41467-024-45422-9,35:16:46.5:2.5,Custom lipid,78.3,,,mRNA,DOPE,C14-PEG2000,214.9,0.4,1.1,NCCN1CCN(CC1)CC2=CC(=C(O)C(=C2)OC(=O)CC(CC)CCCC)OC(=O)CC(CC)CCCC,LNP_Atlas_DB_202509_v1 원본 210행 [수리됨],,,,,,,
10.1038/s41467-024-45422-9,35:16:46.5:2.5,Custom lipid,73,,,mRNA,DOPE,C14-PEG2000,145.8,0.15,1.6,NCCCN(CC1=CC(=C(O)C(=C1)OC(=O)CC(CC)CCCC)OC(=O)CC(CC)CCCC)CCN,LNP_Atlas_DB_202509_v1 원본 211행 [수리됨],,,,,,,
10.1038/s41467-024-45422-9,35:16:46.5:2.5,Custom lipid,74.5,,,mRNA,DOPE,C14-PEG2000,143.6,0.22,0.4,NCCN(CC1=CC(=C(O)C(=C1)OC(=O)CC(CC)CCCC)OC(=O)CC(CC)CCCC)CCCN,LNP_Atlas_DB_202509_v1 원본 212행 [수리됨],,,,,,,
10.1038/s41467-024-45422-9,35:16:46.5:2.5,Custom lipid,54.4,,,mRNA,DOPE,C14-PEG2000,210.3,0.21,1.3,NNCC1=CC(=C(O)C(=C1)OC(=O)CC(CC)CCCC)OC(=O)CC(CC)CCCC,LNP_Atlas_DB_202509_v1 원본 213행 [수리됨],,,,,,,
10.1038/s41467-024-45422-9,35:16:46.5:2.5,Custom lipid,59.8,,,mRNA,DOPE,C14-PEG2000,182.5,0.24,3,NCCCCNCC1=CC(=C(O)C(=C1)OC(=O)CC(CC)CCCC)OC(=O)CC(CC)CCCC,LNP_Atlas_DB_202509_v1 원본 214행 [수리됨],,,,,,,
10.1038/s41467-024-45422-9,35:16:46.5:2.5,Custom lipid,51.3,,,mRNA,DOPE,C14-PEG2000,206.3,0.31,1.9,NC1CCN(CC1)CC2=CC(=C(O)C(=C2)OC(=O)CC(CC)CCCC)OC(=O)CC(CC)CCCC,LNP_Atlas_DB_202509_v1 원본 215행 [수리됨],,,,,,,
10.1038/s41467-024-45422-9,35:16:46.5:2.5,Custom lipid,75.1,,,mRNA,DOPE,C14-PEG2000,221.1,0.25,8.4,NCCN1CCN(CC1)CC2=CC(=C(O)C(=C2)OC(=O)CC(CC)CCCC)OC(=O)CC(CC)CCCC,LNP_Atlas_DB_202509_v1 원본 216행 [수리됨],,,,,,,
10.1038/s41467-024-45422-9,35:16:46.5:2.5,Custom lipid,54.8,,,mRNA,DOPE,C14-PEG2000,212.3,0.27,0.7,NCCCN(CC1=CC(=C(O)C(=C1)OC(=O)CC(CC)CCCC)OC(=O)CC(CC)CCCC)CCN,LNP_Atlas_DB_202509_v1 원본 217행 [수리됨],,,,,,,
10.1038/s41467-024-45422-9,35:16:46.5:2.5,Custom lipid,85.6,,,mRNA,DOPE,C14-PEG2000,173.2,0.21,4.3,NCCN(CC1=CC(=C(O)C(=C1)OC(=O)CC(CC)CCCC)OC(=O)CC(CC)CCCC)CCCN,LNP_Atlas_DB_202509_v1 원본 218행 [수리됨],,,,,,,
10.1038/s41467-024-45422-9,35:16:46.5:2.5,Custom lipid,84.3,,,mRNA,DOPE,C14-PEG2000,136.4,0.23,2.8,NNCC1=CC(=C(O)C(=C1)OC(=O)CC(CC)CCCCC)OC(=O)CC(CC)CCCCC,LNP_Atlas_DB_202509_v1 원본 219행 [수리됨],,,,,,,
10.1038/s41467-024-45422-9,35:16:46.5:2.5,Custom lipid,75.1,,,mRNA,DOPE,C14-PEG2000,138.3,0.21,0.8,NCCCCNCC1=CC(=C(O)C(=C1)OC(=O)CC(CC)CCCCC)OC(=O)CC(CC)CCCCC,LNP_Atlas_DB_202509_v1 원본 220행 [수리됨],,,,,,,
10.1038/s41467-024-45422-9,35:16:46.5:2.5,Custom lipid,85.7,,,mRNA,DOPE,C14-PEG2000,116.2,0.27,3.6,NC1CCN(CC1)CC2=CC(=C(O)C(=C2)OC(=O)CC(CC)CCCCC)OC(=O)CC(CC)CCCCC,LNP_Atlas_DB_202509_v1 원본 221행 [수리됨],,,,,,,
10.1038/s41467-024-45422-9,35:16:46.5:2.5,Custom lipid,77.3,,,mRNA,DOPE,C14-PEG2000,110.5,0.22,2.6,NCCN1CCN(CC1)CC2=CC(=C(O)C(=C2)OC(=O)CC(CC)CCCCC)OC(=O)CC(CC)CCCCC,LNP_Atlas_DB_202509_v1 원본 222행 [수리됨],,,,,,,
10.1038/s41467-024-45422-9,35:16:46.5:2.5,Custom lipid,71.9,,,mRNA,DOPE,C14-PEG2000,149.1,0.25,0.1,NCCCN(CC1=CC(=C(O)C(=C1)OC(=O)CC(CC)CCCCC)OC(=O)CC(CC)CCCCC)CCN,LNP_Atlas_DB_202509_v1 원본 223행 [수리됨],,,,,,,
10.1038/s41467-024-45422-9,35:16:46.5:2.5,Custom lipid,87.1,,,mRNA,DOPE,C14-PEG2000,151.5,0.23,3.1,NCCN(CC1=CC(=C(O)C(=C1)OC(=O)CC(CC)CCCCC)OC(=O)CC(CC)CCCCC)CCCN,LNP_Atlas_DB_202509_v1 원본 224행 [수리됨],,,,,,,
10.1038/s41467-024-45422-9,35:16:46.5:2.5,Custom lipid,48.1,,,mRNA,DOPE,C14-PEG2000,164.2,0.18,1.6,NNCC1=CC(=C(O)C(=C1)OC(=O)CC(CCCCCC)CC)OC(=O)CC(CCCCCC)CC,LNP_Atlas_DB_202509_v1 원본 226행 [수리됨],,,,,,,
10.1038/s41467-024-45422-9,35:16:46.5:2.5,Custom lipid,66.2,,,mRNA,DOPE,C14-PEG2000,186.2,0.26,5.8,NCCCCNCC1=CC(=C(O)C(=C1)OC(=O)CC(CCCCCC)CC)OC(=O)CC(CCCCCC)CC,LNP_Atlas_DB_202509_v1 원본 227행 [수리됨],,,,,,,
10.1038/s41467-024-45422-9,35:16:46.5:2.5,Custom lipid,54.9,,,mRNA,DOPE,C14-PEG2000,169.9,0.2,8.8,NC1CCN(CC1)CC2=CC(=C(O)C(=C2)OC(=O)CC(CCCCCC)CC)OC(=O)CC(CCCCCC)CC,LNP_Atlas_DB_202509_v1 원본 228행 [수리됨],,,,,,,
10.1038/s41467-024-45422-9,35:16:46.5:2.5,Custom lipid,50.9,,,mRNA,DOPE,C14-PEG2000,172.1,0.23,5.2,NCCN1CCN(CC1)CC2=CC(=C(O)C(=C2)OC(=O)CC(CCCCCC)CC)OC(=O)CC(CCCCCC)CC,LNP_Atlas_DB_202509_v1 원본 229행 [수리됨],,,,,,,
10.1038/s41467-024-45422-9,35:16:46.5:2.5,Custom lipid,48.7,,,mRNA,DOPE,C14-PEG2000,153.1,0.18,2.9,NCCCN(CC1=CC(=C(O)C(=C1)OC(=O)CC(CCCCCC)CC)OC(=O)CC(CCCCCC)CC)CCN,LNP_Atlas_DB_202509_v1 원본 230행 [수리됨],,,,,,,
10.1038/s41467-024-45422-9,35:16:46.5:2.5,Custom lipid,69.4,,,mRNA,DOPE,C14-PEG2000,135.1,0.14,9.2,NCCN(CC1=CC(=C(O)C(=C1)OC(=O)CC(CCCCCC)CC)OC(=O)CC(CCCCCC)CC)CCCN,LNP_Atlas_DB_202509_v1 원본 231행 [수리됨],,,,,,,
10.1038/s41467-024-45422-9,35:16:46.5:2.5,Custom lipid,54.9,,,mRNA,DOPE,C14-PEG2000,167.1,0.23,12.7,NNCC1=CC(=C(O)C(=C1)OC(=O)CCC(CC)CCCCCC)OC(=O)CCC(CC)CCCCCC,LNP_Atlas_DB_202509_v1 원본 232행 [수리됨],,,,,,,
10.1038/s41467-024-45422-9,35:16:46.5:2.5,Custom lipid,73.2,,,mRNA,DOPE,C14-PEG2000,164.2,0.19,6.4,NCCCCNCC1=CC(=C(O)C(=C1)OC(=O)CCC(CC)CCCCCC)OC(=O)CCC(CC)CCCCCC,LNP_Atlas_DB_202509_v1 원본 233행 [수리됨],,,,,,,
10.1038/s41467-024-45422-9,35:16:46.5:2.5,Custom lipid,53.1,,,mRNA,DOPE,C14-PEG2000,157.1,0.17,10.7,NC1CCN(CC1)CC2=CC(=C(O)C(=C2)OC(=O)CCC(CC)CCCCCC)OC(=O)CCC(CC)CCCCCC,LNP_Atlas_DB_202509_v1 원본 234행 [수리됨],,,,,,,
10.1038/s41467-024-45422-9,35:16:46.5:2.5,Custom lipid,64.1,,,mRNA,DOPE,C14-PEG2000,171.9,0.1,14.7,NCCN1CCN(CC1)CC2=CC(=C(O)C(=C2)OC(=O)CCC(CC)CCCCCC)OC(=O)CCC(CC)CCCCCC,LNP_Atlas_DB_202509_v1 원본 235행 [수리됨],,,,,,,
10.1038/s41467-024-45422-9,35:16:46.5:2.5,Custom lipid,57.3,,,mRNA,DOPE,C14-PEG2000,166.8,0.18,10.4,NCCCN(CC1=CC(=C(O)C(=C1)OC(=O)CCC(CC)CCCCCC)OC(=O)CCC(CC)CCCCCC)CCN,LNP_Atlas_DB_202509_v1 원본 236행 [수리됨],,,,,,,
10.1038/s41467-024-45422-9,35:16:46.5:2.5,Custom lipid,58.4,,,mRNA,DOPE,C14-PEG2000,160.8,0.16,4.3,NCCN(CC1=CC(=C(O)C(=C1)OC(=O)CCC(CC)CCCCCC)OC(=O)CCC(CC)CCCCCC)CCCN,LNP_Atlas_DB_202509_v1 원본 237행 [수리됨],,,,,,,
10.1038/s41467-024-45422-9,35:16:46.5:2.5,Custom lipid,39.2,,,mRNA,DOPE,C14-PEG2000,150.3,0.19,9.6,NNCC1=CC(=C(OC(=O)CC(CC)CCC)C(=C1)OC(=O)CC(CC)CCC)OC(=O)CC(CC)CCC,LNP_Atlas_DB_202509_v1 원본 238행 [수리됨],,,,,,,
10.1038/s41467-024-45422-9,35:16:46.5:2.5,Custom lipid,42.5,,,mRNA,DOPE,C14-PEG2000,154.9,0.13,1.2,NCCCCNCC1=CC(=C(OC(=O)CC(CC)CCC)C(=C1)OC(=O)CC(CC)CCC)OC(=O)CC(CC)CCC,LNP_Atlas_DB_202509_v1 원본 239행 [수리됨],,,,,,,
10.1038/s41467-024-45422-9,35:16:46.5:2.5,Custom lipid,48.8,,,mRNA,DOPE,C14-PEG2000,159.3,0.14,12.6,NC1CCN(CC1)CC2=CC(=C(OC(=O)CC(CC)CCC)C(=C2)OC(=O)CC(CC)CCC)OC(=O)CC(CC)CCC,LNP_Atlas_DB_202509_v1 원본 240행 [수리됨],,,,,,,
10.1038/s41467-024-45422-9,35:16:46.5:2.5,Custom lipid,49.6,,,mRNA,DOPE,C14-PEG2000,151.4,0.22,6.9,NCCN1CCN(CC1)CC2=CC(=C(OC(=O)CC(CC)CCC)C(=C2)OC(=O)CC(CC)CCC)OC(=O)CC(CC)CCC,LNP_Atlas_DB_202509_v1 원본 241행 [수리됨],,,,,,,
10.1038/s41467-024-45422-9,35:16:46.5:2.5,Custom lipid,46.8,,,mRNA,DOPE,C14-PEG2000,135.4,0.12,9.2,NCCCN(CC1=CC(=C(OC(=O)CC(CC)CCC)C(=C1)OC(=O)CC(CC)CCC)OC(=O)CC(CC)CCC)CCN,LNP_Atlas_DB_202509_v1 원본 242행 [수리됨],,,,,,,
10.1038/s41467-024-45422-9,35:16:46.5:2.5,Custom lipid,37,,,mRNA,DOPE,C14-PEG2000,156.2,0.16,3.6,NCCN(CC1=CC(=C(OC(=O)CC(CC)CCC)C(=C1)OC(=O)CC(CC)CCC)OC(=O)CC(CC)CCC)CCCN,LNP_Atlas_DB_202509_v1 원본 243행 [수리됨],,,,,,,
10.1038/s41467-024-45422-9,35:16:46.5:2.5,Custom lipid,53.4,,,mRNA,DOPE,C14-PEG2000,158.1,0.15,6.7,NNCC1=CC(=C(OC(=O)CC(CC)CCCC)C(=C1)OC(=O)CC(CC)CCCC)OC(=O)CC(CC)CCCC,LNP_Atlas_DB_202509_v1 원본 244행 [수리됨],,,,,,,
10.1038/s41467-024-45422-9,35:16:46.5:2.5,Custom lipid,77.9,,,mRNA,DOPE,C14-PEG2000,176,0.16,7.4,NCCCCNCC1=CC(=C(OC(=O)CC(CC)CCCC)C(=C1)OC(=O)CC(CC)CCCC)OC(=O)CC(CC)CCCC,LNP_Atlas_DB_202509_v1 원본 245행 [수리됨],,,,,,,
10.1038/s41467-024-45422-9,35:16:46.5:2.5,Custom lipid,60.2,,,mRNA,DOPE,C14-PEG2000,167.4,0.16,8.9,NC1CCN(CC1)CC2=CC(=C(OC(=O)CC(CC)CCCC)C(=C2)OC(=O)CC(CC)CCCC)OC(=O)CC(CC)CCCC,LNP_Atlas_DB_202509_v1 원본 246행 [수리됨],,,,,,,
10.1038/s41467-024-45422-9,35:16:46.5:2.5,Custom lipid,66.7,,,mRNA,DOPE,C14-PEG2000,159.8,0.1,2.4,NCCN1CCN(CC1)CC2=CC(=C(OC(=O)CC(CC)CCCC)C(=C2)OC(=O)CC(CC)CCCC)OC(=O)CC(CC)CCCC,LNP_Atlas_DB_202509_v1 원본 247행 [수리됨],,,,,,,
10.1038/s41467-024-45422-9,35:16:46.5:2.5,Custom lipid,45.5,,,mRNA,DOPE,C14-PEG2000,143.2,0.14,7,NCCCN(CC1=CC(=C(OC(=O)CC(CC)CCCC)C(=C1)OC(=O)CC(CC)CCCC)OC(=O)CC(CC)CCCC)CCN,LNP_Atlas_DB_202509_v1 원본 248행 [수리됨],,,,,,,
10.1038/s41467-024-45422-9,35:16:46.5:2.5,Custom lipid,63.3,,,mRNA,DOPE,C14-PEG2000,174.6,0.14,8.8,NCCN(CC1=CC(=C(OC(=O)CC(CC)CCCC)C(=C1)OC(=O)CC(CC)CCCC)OC(=O)CC(CC)CCCC)CCCN,LNP_Atlas_DB_202509_v1 원본 249행 [수리됨],,,,,,,
10.1038/s41467-024-45422-9,35:16:46.5:2.5,Custom lipid,78.5,,,mRNA,DOPE,C14-PEG2000,175.2,0.26,1.4,NNCC1=CC(=C(OC(=O)CC(CC)CCCC)C(=C1)OC(=O)CC(CC)CCCC)OC(=O)CC(CC)CCCC,LNP_Atlas_DB_202509_v1 원본 250행 [수리됨],,,,,,,
10.1038/s41467-024-45422-9,35:16:46.5:2.5,Custom lipid,78.8,,,mRNA,DOPE,C14-PEG2000,163.1,0.19,7.2,NCCCCNCC1=CC(=C(OC(=O)CC(CC)CCCC)C(=C1)OC(=O)CC(CC)CCCC)OC(=O)CC(CC)CCCC,LNP_Atlas_DB_202509_v1 원본 251행 [수리됨],,,,,,,
10.1038/s41467-024-45422-9,35:16:46.5:2.5,Custom lipid,79.3,,,mRNA,DOPE,C14-PEG2000,162.2,0.23,6.2,NC1CCN(CC1)CC2=CC(=C(OC(=O)CC(CC)CCCC)C(=C2)OC(=O)CC(CC)CCCC)OC(=O)CC(CC)CCCC,LNP_Atlas_DB_202509_v1 원본 252행 [수리됨],,,,,,,
10.1038/s41467-024-45422-9,35:16:46.5:2.5,Custom lipid,77.9,,,mRNA,DOPE,C14-PEG2000,159.9,0.1,5.2,NCCN1CCN(CC1)CC2=CC(=C(OC(=O)CC(CC)CCCC)C(=C2)OC(=O)CC(CC)CCCC)OC(=O)CC(CC)CCCC,LNP_Atlas_DB_202509_v1 원본 253행 [수리됨],,,,,,,
10.1038/s41467-024-45422-9,35:16:46.5:2.5,Custom lipid,79,,,mRNA,DOPE,C14-PEG2000,162.3,0.13,6.4,NCCCN(CC1=CC(=C(OC(=O)CC(CC)CCCC)C(=C1)OC(=O)CC(CC)CCCC)OC(=O)CC(CC)CCCC)CCN,LNP_Atlas_DB_202509_v1 원본 254행 [수리됨],,,,,,,
10.1038/s41467-024-45422-9,35:16:46.5:2.5,Custom lipid,79.4,,,mRNA,DOPE,C14-PEG2000,151.7,0.21,0.5,NCCN(CC1=CC(=C(OC(=O)CC(CC)CCCC)C(=C1)OC(=O)CC(CC)CCCC)OC(=O)CC(CC)CCCC)CCCN,LNP_Atlas_DB_202509_v1 원본 255행 [수리됨],,,,,,,
10.1038/s41467-024-45422-9,35:16:46.5:2.5,Custom lipid,57.8,,,mRNA,DOPE,C14-PEG2000,155.1,0.16,8.2,NNCC1=CC(=C(OC(=O)CC(CC)CCCCC)C(=C1)OC(=O)CC(CC)CCCCC)OC(=O)CC(CC)CCCCC,LNP_Atlas_DB_202509_v1 원본 256행 [수리됨],,,,,,,
10.1038/s41467-024-45422-9,35:16:46.5:2.5,Custom lipid,63.9,,,mRNA,DOPE,C14-PEG2000,151.7,0.25,1.4,NCCCCNCC1=CC(=C(OC(=O)CC(CC)CCCCC)C(=C1)OC(=O)CC(CC)CCCCC)OC(=O)CC(CC)CCCCC,LNP_Atlas_DB_202509_v1 원본 257행 [수리됨],,,,,,,
10.1038/s41467-024-45422-9,35:16:46.5:2.5,Custom lipid,41.8,,,mRNA,DOPE,C14-PEG2000,162.3,0.25,4.7,NC1CCN(CC1)CC2=CC(=C(OC(=O)CC(CC)CCCCC)C(=C2)OC(=O)CC(CC)CCCCC)OC(=O)CC(CC)CCCCC,LNP_Atlas_DB_202509_v1 원본 258행 [수리됨],,,,,,,
10.1038/s41467-024-45422-9,35:16:46.5:2.5,Custom lipid,40.6,,,mRNA,DOPE,C14-PEG2000,140.8,0.16,8.6,NCCN1CCN(CC1)CC2=CC(=C(OC(=O)CC(CC)CCCCC)C(=C2)OC(=O)CC(CC)CCCCC)OC(=O)CC(CC)CCCCC,LNP_Atlas_DB_202509_v1 원본 259행 [수리됨],,,,,,,
10.1038/s41467-024-45422-9,35:16:46.5:2.5,Custom lipid,57.6,,,mRNA,DOPE,C14-PEG2000,173.5,0.2,5.6,NCCCN(CC1=CC(=C(OC(=O)CC(CC)CCCCC)C(=C1)OC(=O)CC(CC)CCCCC)OC(=O)CC(CC)CCCCC)CCN,LNP_Atlas_DB_202509_v1 원본 260행 [수리됨],,,,,,,
10.1038/s41467-024-45422-9,35:16:46.5:2.5,Custom lipid,59.2,,,mRNA,DOPE,C14-PEG2000,146.7,0.25,5.1,NCCN(CC1=CC(=C(OC(=O)CC(CC)CCCCC)C(=C1)OC(=O)CC(CC)CCCCC)OC(=O)CC(CC)CCCCC)CCCN,LNP_Atlas_DB_202509_v1 원본 261행 [수리됨],,,,,,,
10.1038/s41467-024-45422-9,35:16:46.5:2.5,Custom lipid,46.9,,,mRNA,DOPE,C14-PEG2000,161.7,0.22,7.9,NNCC1=CC(=C(OC(=O)CCC(CC)CCCCCC)C(=C1)OC(=O)CCC(CC)CCCCCC)OC(=O)CCC(CC)CCCCCC,LNP_Atlas_DB_202509_v1 원본 262행 [수리됨],,,,,,,
10.1038/s41467-024-45422-9,35:16:46.5:2.5,Custom lipid,65.6,,,mRNA,DOPE,C14-PEG2000,168.9,0.18,2.4,NCCCCNCC1=CC(=C(OC(=O)CCC(CC)CCCCCC)C(=C1)OC(=O)CCC(CC)CCCCCC)OC(=O)CCC(CC)CCCCCC,LNP_Atlas_DB_202509_v1 원본 263행 [수리됨],,,,,,,
10.1038/s41467-024-45422-9,35:16:46.5:2.5,Custom lipid,54.3,,,mRNA,DOPE,C14-PEG2000,169.2,0.22,2.6,NC1CCN(CC1)CC2=CC(=C(OC(=O)CCC(CC)CCCCCC)C(=C2)OC(=O)CCC(CC)CCCCCC)OC(=O)CCC(CC)CCCCCC,LNP_Atlas_DB_202509_v1 원본 264행 [수리됨],,,,,,,
10.1038/s41467-024-45422-9,35:16:46.5:2.5,Custom lipid,48,,,mRNA,DOPE,C14-PEG2000,184.3,0.12,5.8,NCCN1CCN(CC1)CC2=CC(=C(OC(=O)CCC(CC)CCCCCC)C(=C2)OC(=O)CCC(CC)CCCCCC)OC(=O)CCC(CC)CCCCCC,LNP_Atlas_DB_202509_v1 원본 265행 [수리됨],,,,,,,
10.1038/s41467-024-45422-9,35:16:46.5:2.5,Custom lipid,47.1,,,mRNA,DOPE,C14-PEG2000,173.9,0.12,0.9,NCCCN(CC1=CC(=C(OC(=O)CCC(CC)CCCCCC)C(=C1)OC(=O)CCC(CC)CCCCCC)OC(=O)CCC(CC)CCCCCC)CCN,LNP_Atlas_DB_202509_v1 원본 266행 [수리됨],,,,,,,
10.1038/s41467-024-45422-9,35:16:46.5:2.5,Custom lipid,37.2,,,mRNA,DOPE,C14-PEG2000,154.3,0.13,8.7,NCCN(CC1=CC(=C(OC(=O)CCC(CC)CCCCCC)C(=C1)OC(=O)CCC(CC)CCCCCC)OC(=O)CCC(CC)CCCCCC)CCCN,LNP_Atlas_DB_202509_v1 원본 267행 [수리됨],,,,,,,
10.1038/s41467-024-45422-9,35:16:46.5:2.5,Custom lipid,77.8,,,mRNA,DOPE,C14-PEG2000,192.2,0.08,1.2,NNCC1=CC(=C(O)C(=C1)OC(=O)CCCCCCCC)OC(=O)CCCCCCCC,LNP_Atlas_DB_202509_v1 원본 268행 [수리됨],,,,,,,
10.1038/s41467-024-45422-9,35:16:46.5:2.5,Custom lipid,84,,,mRNA,DOPE,C14-PEG2000,178.9,0.18,1.4,NCCCCNCC1=CC(=C(O)C(=C1)OC(=O)CCCCCCCC)OC(=O)CCCCCCCC,LNP_Atlas_DB_202509_v1 원본 269행 [수리됨],,,,,,,
10.1038/s41467-024-45422-9,35:16:46.5:2.5,Custom lipid,74.6,,,mRNA,DOPE,C14-PEG2000,193.7,0.07,4.4,NC1CCN(CC1)CC2=CC(=C(O)C(=C2)OC(=O)CCCCCCCC)OC(=O)CCCCCCCC,LNP_Atlas_DB_202509_v1 원본 270행 [수리됨],,,,,,,
10.1038/s41467-024-45422-9,35:16:46.5:2.5,Custom lipid,82.2,,,mRNA,DOPE,C14-PEG2000,181.2,0.1,1.5,NCCN1CCN(CC1)CC2=CC(=C(O)C(=C2)OC(=O)CCCCCCCC)OC(=O)CCCCCCCC,LNP_Atlas_DB_202509_v1 원본 271행 [수리됨],,,,,,,
10.1038/s41467-024-45422-9,35:16:46.5:2.5,Custom lipid,81,,,mRNA,DOPE,C14-PEG2000,195.1,0.12,8.6,NCCCN(CC1=CC(=C(O)C(=C1)OC(=O)CCCCCCCC)OC(=O)CCCCCCCC)CCN,LNP_Atlas_DB_202509_v1 원본 272행 [수리됨],,,,,,,
10.1038/s41467-024-45422-9,35:16:46.5:2.5,Custom lipid,79.8,,,mRNA,DOPE,C14-PEG2000,181.8,0.11,13.2,NCCN(CC1=CC(=C(O)C(=C1)OC(=O)CCCCCCCC)OC(=O)CCCCCCCC)CCCN,LNP_Atlas_DB_202509_v1 원본 273행 [수리됨],,,,,,,
10.1038/s41467-024-45422-9,35:16:46.5:2.5,Custom lipid,85.2,,,mRNA,DOPE,C14-PEG2000,203.4,0.18,3.8,NNCC1=CC(=C(O)C(=C1)OC(=O)CCCCCC)OC(=O)CCCCCC,LNP_Atlas_DB_202509_v1 원본 274행 [수리됨],,,,,,,
10.1038/s41467-024-45422-9,35:16:46.5:2.5,Custom lipid,81.2,,,mRNA,DOPE,C14-PEG2000,174,0.23,7.9,CN(C)CCNCC1=CC(=C(O)C(=C1)OC(=O)CC(CC)CCC)OC(=O)CC(CC)CCC,LNP_Atlas_DB_202509_v1 원본 275행 [수리됨],,,,,,,
10.1038/s41467-024-45422-9,35:16:46.5:2.5,Custom lipid,85.1,,,mRNA,DOPE,C14-PEG2000,164.2,0.13,6.5,CCCCCCCC(CCCN)NCC1=CC(=C(O)C(=C1)OC(=O)CC(CC)CCC)OC(=O)CC(CC)CCC,LNP_Atlas_DB_202509_v1 원본 276행 [수리됨],,,,,,,
10.1038/s41467-024-45422-9,35:16:46.5:2.5,Custom lipid,85.3,,,mRNA,DOPE,C14-PEG2000,143.6,0.09,3.3,CN(CCCC)NCC1=CC(=C(O)C(=C1)OC(=O)CCCCCCCC)OC(=O)CCCCCCCC,LNP_Atlas_DB_202509_v1 원본 277행 [수리됨],,,,,,,
10.1038/s41467-024-45422-9,35:16:46.5:2.5,Custom lipid,80.6,,,mRNA,DOPE,C14-PEG2000,195.5,0.29,9.7,CCCCCCCC(CCNCC1=CC(=C(O)C(=C1)OC(=O)CC(CC)CCCC)OC(=O)CC(CC)CCCC)CC,LNP_Atlas_DB_202509_v1 원본 278행 [수리됨],,,,,,,
10.1038/s41467-024-45422-9,35:16:46.5:2.5,Custom lipid,80.6,,,mRNA,DOPE,C14-PEG2000,179.2,0.25,5.8,CCCCCCCC(CCNCC1=CC(=C(O)C(=C1)OC(=O)CC(CC)CCCC)OC(=O)CC(CC)CCCC)CC,LNP_Atlas_DB_202509_v1 원본 279행 [수리됨],,,,,,,
10.1038/s41467-024-45422-9,35:16:46.5:2.5,Custom lipid,83.1,,,mRNA,DOPE,C14-PEG2000,181.7,0.24,1.4,CN(C)CCNCC1=CC(=C(O)C(=C1)OC(=O)CC(CC)CCCCC)OC(=O)CC(CC)CCCCC,LNP_Atlas_DB_202509_v1 원본 280행 [수리됨],,,,,,,
10.1038/s41467-024-45422-9,35:16:46.5:2.5,Custom lipid,82.4,,,mRNA,DOPE,C14-PEG2000,141.6,0.21,3.9,CN(CCCC)NCC1=CC(=C(O)C(=C1)OC(=O)CC(CC)CCCCC)OC(=O)CC(CC)CCCCC,LNP_Atlas_DB_202509_v1 원본 281행 [수리됨],,,,,,,
10.1038/s41467-024-45422-9,35:16:46.5:2.5,Custom lipid,78.5,,,mRNA,DOPE,C14-PEG2000,171.4,0.16,6.7,CCCCCN(CCC)NCC1=CC(=C(O)C(=C1)OC(=O)CC(CC)CCCCC)OC(=O)CC(CC)CCCCC,LNP_Atlas_DB_202509_v1 원본 282행 [수리됨],,,,,,,
10.1038/s41467-024-45422-9,35:16:46.5:2.5,Custom lipid,79.7,,,mRNA,DOPE,C14-PEG2000,155,0.15,1.5,CCCCCCCC(CCNCC1=CC(=C(O)C(=C1)OC(=O)CC(CC)CCCCC)OC(=O)CC(CC)CCCCC)CC,LNP_Atlas_DB_202509_v1 원본 283행 [수리됨],,,,,,,
10.1038/s41467-024-45422-9,35:16:46.5:2.5,Custom lipid,82.4,,,mRNA,DOPE,C14-PEG2000,156.3,0.26,6.3,CCCCCCCC(CCCN)NCC1=CC(=C(O)C(=C1)OC(=O)CC(CC)CCCCC)OC(=O)CC(CC)CCCCC,LNP_Atlas_DB_202509_v1 원본 284행 [수리됨],,,,,,,
10.1038/s41467-024-45422-9,35:16:46.5:2.5,Custom lipid,83.4,,,mRNA,DOPE,C14-PEG2000,190.5,0.3,4.3,NCCCCCCCCCCNCC1=CC(=C(O)C(=C1)OC(=O)CC(CC)CCCCC)OC(=O)CC(CC)CCCCC,LNP_Atlas_DB_202509_v1 원본 285행 [수리됨],,,,,,,
10.1038/s41467-024-45422-9,35:16:46.5:2.5,Custom lipid,84.4,,,mRNA,DOPE,C14-PEG2000,191.3,0.16,4.8,,LNP_Atlas_DB_202509_v1 원본 286행 [수리됨],,,,,,,
10.1038/s41467-024-45422-9,35:16:46.5:2.5,Custom lipid,84.2,,,mRNA,DOPE,C14-PEG2000,190.4,0.23,1.8,CN(CCCC)NCC1=CC(=C(OC(=O)CC(CC)CCC)C(=C1)OC(=O)CC(CC)CCC)OC(=O)CC(CC)CCC,LNP_Atlas_DB_202509_v1 원본 287행 [수리됨],,,,,,,
10.1038/s41467-024-45422-9,35:16:46.5:2.5,Custom lipid,81.8,,,mRNA,DOPE,C14-PEG2000,204.3,0.16,6.4,NCCCCCCCCCCNCC1=CC(=C(OC(=O)CC(CC)CCC)C(=C1)OC(=O)CC(CC)CCC)OC(=O)CC(CC)CCC,LNP_Atlas_DB_202509_v1 원본 288행 [수리됨],,,,,,,
10.1038/s41467-024-45422-9,35:16:46.5:2.5,Custom lipid,86.8,,,mRNA,DOPE,C14-PEG2000,169.6,0.19,12.8,CCCCCN(CCC)NCC1=CC(=C(OC(=O)CC(CC)CCCC)C(=C1)OC(=O)CC(CC)CCCC)OC(=O)CC(CC)CCCC,LNP_Atlas_DB_202509_v1 원본 289행 [수리됨],,,,,,,
10.1038/s41467-024-45422-9,35:16:46.5:2.5,Custom lipid,82.4,,,mRNA,DOPE,C14-PEG2000,201.5,0.24,2.3,CCCCCCCC(CCCN)NCC1=CC(=C(OC(=O)CC(CC)CCCC)C(=C1)OC(=O)CC(CC)CCCC)OC(=O)CC(CC)CCCC,LNP_Atlas_DB_202509_v1 원본 290행 [수리됨],,,,,,,
10.1038/s41467-024-45422-9,35:16:46.5:2.5,Custom lipid,83.2,,,mRNA,DOPE,C14-PEG2000,162.3,0.22,1.7,CN(CCCC)NCC1=CC(=C(OC(=O)CC(CC)CCCC)C(=C1)OC(=O)CC(CC)CCCC)OC(=O)CC(CC)CCCC,LNP_Atlas_DB_202509_v1 원본 291행 [수리됨],,,,,,,
10.1038/s41467-024-45422-9,35:16:46.5:2.5,Custom lipid,75.9,,,mRNA,DOPE,C14-PEG2000,143.2,0.27,1.5,CCCCCCCC(CCNCC1=CC(=C(OC(=O)CC(CC)CCCC)C(=C1)OC(=O)CC(CC)CCCC)OC(=O)CC(CC)CCCC)CC,LNP_Atlas_DB_202509_v1 원본 292행 [수리됨],,,,,,,
10.1038/s41467-024-45422-9,35:16:46.5:2.5,Custom lipid,85.5,,,mRNA,DOPE,C14-PEG2000,126.7,0.21,1.2,CN(C)CCNCC1=CC(=C(OC(=O)CC(CC)CCCCC)C(=C1)OC(=O)CC(CC)CCCCC)OC(=O)CC(CC)CCCCC,LNP_Atlas_DB_202509_v1 원본 293행 [수리됨],,,,,,,
10.1038/s41467-024-45422-9,35:16:46.5:2.5,Custom lipid,73.8,,,mRNA,DOPE,C14-PEG2000,113.9,0.13,3.1,CCCCCN(CCC)NCC1=CC(=C(OC(=O)CC(CC)CCCCC)C(=C1)OC(=O)CC(CC)CCCCC)OC(=O)CC(CC)CCCCC,LNP_Atlas_DB_202509_v1 원본 294행 [수리됨],,,,,,,
10.1038/s41467-024-45422-9,35:16:46.5:2.5,Custom lipid,75.1,,,mRNA,DOPE,C14-PEG2000,115.4,0.16,6.7,CN(C)CCNCC1=CC(=C(OC(=O)CCC(CC)CCCCCC)C(=C1)OC(=O)CCC(CC)CCCCCC)OC(=O)CCC(CC)CCCCCC,LNP_Atlas_DB_202509_v1 원본 295행 [수리됨],,,,,,,
10.1038/s41467-024-45422-9,35:16:46.5:2.5,Custom lipid,80.4,,,mRNA,DOPE,C14-PEG2000,109.2,0.25,3,CCCCCN(CCC)NCC1=CC(=C(OC(=O)CCC(CC)CCCCCC)C(=C1)OC(=O)CCC(CC)CCCCCC)OC(=O)CCC(CC)CCCCCC,LNP_Atlas_DB_202509_v1 원본 296행 [수리됨],,,,,,,
10.1038/s41467-024-45422-9,35:16:46.5:2.5,Custom lipid,84.9,,,mRNA,DOPE,C14-PEG2000,114.1,0.16,2.1,NCCCCCCCCCCNCC1=CC(=C(OC(=O)CCC(CC)CCCCCC)C(=C1)OC(=O)CCC(CC)CCCCCC)OC(=O)CCC(CC)CCCCCC,LNP_Atlas_DB_202509_v1 원본 297행 [수리됨],,,,,,,
10.1002/anie.201809056,35:16:46.5:2.5,Custom lipid,98,,,siRNA,DOPE,C14-PEG 2000,111,0.056,,,LNP_Atlas_DB_202509_v1 원본 431행,,,,,,,
10.1002/anie.201809056,35:16:46.5:2.5,Custom lipid,98,,,mRNA,DOPE,C14-PEG 2000,93,0.047,,,LNP_Atlas_DB_202509_v1 원본 432행,,,,,,,
10.1002/anie.201809056,35:16:46.5:2.5,Custom lipid,98,,,siRNA,DOPE,C14-PEG 2000,93,0.07,,,LNP_Atlas_DB_202509_v1 원본 433행,,,,,,,
10.1002/anie.201809056,35:16:46.5:2.5,Custom lipid,99,,,mRNA,DOPE,C14-PEG 2000,96,0.046,,,LNP_Atlas_DB_202509_v1 원본 434행,,,,,,,
10.1002/anie.201809056,35:16:46.5:2.5,Custom lipid,99,,,siRNA,DOPE,C14-PEG 2000,,0.046,,,LNP_Atlas_DB_202509_v1 원본 435행,,,,,,,
10.1002/anie.201809056,35:16:46.5:2.5,Custom lipid,99,,,mRNA,DOPE,C14-PEG 2000,,0.041,,,LNP_Atlas_DB_202509_v1 원본 436행,,,,,,,
10.1002/anie.201809056,35:16:46.5:2.5,Custom lipid,98,,,siRNA,DOPE,C14-PEG 2000,85,0.05,,,LNP_Atlas_DB_202509_v1 원본 438행,,,,,,,
10.1002/anie.201809056,35:16:46.5:2.5,Custom lipid,99,,,mRNA,DOPE,C14-PEG 2000,71,0.05,,,LNP_Atlas_DB_202509_v1 원본 439행,,,,,,,
10.1002/anie.201809056,35:16:46.5:2.5,Custom lipid,98,,,siRNA,DOPE,C14-PEG 2000,84,0.047,,,LNP_Atlas_DB_202509_v1 원본 440행,,,,,,,
10.1002/anie.201809056,35:16:46.5:2.5,Custom lipid,99,,,mRNA,DOPE,C14-PEG 2000,68,0.047,,,LNP_Atlas_DB_202509_v1 원본 441행,,,,,,,
10.1002/anie.201809056,35:16:46.5:2.5,OF-Deg-Lin,98,,,siRNA,DOPE,C14-PEG 2000,60,0.061,,CCCCC/C=C\C/C=C\CCCCCCCC(=O)OCCN(CCOC(=O)CCCCCCC/C=C\C/C=C\CCCCC)CCCCC1NC(=O)C(NC1=O)CCCCN(CCOC(=O)CCCCCCC/C=C\C/C=C\CCCCC)CCOC(=O)CCCCCCC/C=C\C/C=C\CCCCC,LNP_Atlas_DB_202509_v1 원본 442행,,,,,,,
10.1002/anie.201809056,35:16:46.5:2.5,OF-Deg-Lin,99,,,mRNA,DOPE,C14-PEG 2000,59,0.055,,CCCCC/C=C\C/C=C\CCCCCCCC(=O)OCCN(CCOC(=O)CCCCCCC/C=C\C/C=C\CCCCC)CCCCC1NC(=O)C(NC1=O)CCCCN(CCOC(=O)CCCCCCC/C=C\C/C=C\CCCCC)CCOC(=O)CCCCCCC/C=C\C/C=C\CCCCC,LNP_Atlas_DB_202509_v1 원본 443행,,,,,,,
10.1002/anie.201809056,35:16:46.5:2.5,OF-C4-Deg-Lin,98,,,siRNA,DOPE,C14-PEG 2000,64,0.016,,CCCCC/C=C\C/C=C\CCCCCCCC(=O)OCCCCN(CCCCOC(=O)CCCCCCC/C=C\C/C=C\CCCCC)CCCC[C@@H]1NC(=O)[C@@H](NC1=O)CCCCN(CCCCOC(=O)CCCCCCC/C=C\C/C=C\CCCCC)CCCCOC(=O)CCCCCCC/C=C\C/C=C\CCCCC,LNP_Atlas_DB_202509_v1 원본 444행,,,,,,,
10.1002/anie.201809056,35:16:46.5:2.5,OF-C4-Deg-Lin,99,,,mRNA,DOPE,C14-PEG 2000,59,0.041,,CCCCC/C=C\C/C=C\CCCCCCCC(=O)OCCCCN(CCCCOC(=O)CCCCCCC/C=C\C/C=C\CCCCC)CCCC[C@@H]1NC(=O)[C@@H](NC1=O)CCCCN(CCCCOC(=O)CCCCCCC/C=C\C/C=C\CCCCC)CCCCOC(=O)CCCCCCC/C=C\C/C=C\CCCCC,LNP_Atlas_DB_202509_v1 원본 445행,,,,,,,
10.1002/anie.201809056,35:16:46.5:2.5,cKK-E12,98,,,siRNA,DOPE,C14-PEG 2000,61,0.066,,CCCCCCCCCCCC(O)CN1CCCCC(C(=O)NC2CCCCCNC(=O)C3N(CC(O)CCCCCCCCCCCC)CCC(CC3)N(CC(O)CCCCCCCCCCCC)CC(O)CCCCCCCCCCCC)C1,LNP_Atlas_DB_202509_v1 원본 446행,,,,,,,
10.1002/anie.201809056,35:16:46.5:2.5,cKK-E12,99,,,mRNA,DOPE,C14-PEG 2000,70,0.169,,CCCCCCCCCCCC(O)CN1CCCCC(C(=O)NC2CCCCCNC(=O)C3N(CC(O)CCCCCCCCCCCC)CCC(CC3)N(CC(O)CCCCCCCCCCCC)CC(O)CCCCCCCCCCCC)C1,LNP_Atlas_DB_202509_v1 원본 447행,,,,,,,
10.1016/j.jconrel.2019.10.028,40:2.5:53.5:4,C12-200,67.5,,,mRNA,DOPE,C14-PEG2000,82.4,0.198,14.7,NCCN1CCN(CCN(CC(O)CCCCCCCCCCCC)CC(O)CCCCCCCCCCCC)CC1CN(CC(O)CCCCCCCCCCCC)CN(CC(O)CCCCCCCCCCCC)CC(O)CCCCCCCCCCCC,LNP_Atlas_DB_202509_v1 원본 449행 [수리됨],,,,,,,
10.1016/j.jconrel.2019.10.028,60:10:29.5:0.5,C12-200,33.7,,,mRNA,DOPE,C14-PEG2000,90.77,0.226,16.7,NCCN1CCN(CCN(CC(O)CCCCCCCCCCCC)CC(O)CCCCCCCCCCCC)CC1CN(CC(O)CCCCCCCCCCCC)CN(CC(O)CCCCCCCCCCCC)CC(O)CCCCCCCCCCCC,LNP_Atlas_DB_202509_v1 원본 450행 [수리됨],,,,,,,
10.1016/j.jconrel.2019.10.028,40:28:28.5:3.5,C12-200,48.9,,,mRNA,DOPE,C14-PEG2000,78.53,0.224,2.65,NCCN1CCN(CCN(CC(O)CCCCCCCCCCCC)CC(O)CCCCCCCCCCCC)CC1CN(CC(O)CCCCCCCCCCCC)CN(CC(O)CCCCCCCCCCCC)CC(O)CCCCCCCCCCCC,LNP_Atlas_DB_202509_v1 원본 451행 [수리됨],,,,,,,
10.1016/j.jconrel.2019.10.028,40:28:29.5:2.5,C12-200,92.8,,,mRNA,DOPE,C14-PEG2000,81.49,0.202,5.76,NCCN1CCN(CCN(CC(O)CCCCCCCCCCCC)CC(O)CCCCCCCCCCCC)CC1CN(CC(O)CCCCCCCCCCCC)CN(CC(O)CCCCCCCCCCCC)CC(O)CCCCCCCCCCCC,LNP_Atlas_DB_202509_v1 원본 452행 [수리됨],,,,,,,
10.1016/j.jconrel.2019.10.028,40:22:35:3,C12-200,95.7,,,mRNA,DOPE,C14-PEG2000,74.42,0.226,2.1,NCCN1CCN(CCN(CC(O)CCCCCCCCCCCC)CC(O)CCCCCCCCCCCC)CC1CN(CC(O)CCCCCCCCCCCC)CN(CC(O)CCCCCCCCCCCC)CC(O)CCCCCCCCCCCC,LNP_Atlas_DB_202509_v1 원본 453행 [수리됨],,,,,,,
10.1016/j.jconrel.2019.10.028,35:22:40:3,C12-200,90.7,,,mRNA,DOPE,C14-PEG2000,82.03,0.221,3.39,NCCN1CCN(CCN(CC(O)CCCCCCCCCCCC)CC(O)CCCCCCCCCCCC)CC1CN(CC(O)CCCCCCCCCCCC)CN(CC(O)CCCCCCCCCCCC)CC(O)CCCCCCCCCCCC,LNP_Atlas_DB_202509_v1 원본 454행 [수리됨],,,,,,,
10.1016/j.jconrel.2019.10.028,35:22:39.5:3.5,C12-200,49.9,,,mRNA,DOPE,C14-PEG2000,79.23,0.212,4.34,NCCN1CCN(CCN(CC(O)CCCCCCCCCCCC)CC(O)CCCCCCCCCCCC)CC1CN(CC(O)CCCCCCCCCCCC)CN(CC(O)CCCCCCCCCCCC)CC(O)CCCCCCCCCCCC,LNP_Atlas_DB_202509_v1 원본 455행 [수리됨],,,,,,,
10.1016/j.jconrel.2019.10.028,30:16:51:3,C12-200,91.3,,,mRNA,DOPE,C14-PEG2000,83.25,0.205,5.08,NCCN1CCN(CCN(CC(O)CCCCCCCCCCCC)CC(O)CCCCCCCCCCCC)CC1CN(CC(O)CCCCCCCCCCCC)CN(CC(O)CCCCCCCCCCCC)CC(O)CCCCCCCCCCCC,LNP_Atlas_DB_202509_v1 원본 456행 [수리됨],,,,,,,
10.1016/j.jconrel.2019.10.028,30:16:51.5:2.5,C12-200,92.7,,,mRNA,DOPE,C14-PEG2000,81.4,0.174,9.04,NCCN1CCN(CCN(CC(O)CCCCCCCCCCCC)CC(O)CCCCCCCCCCCC)CC1CN(CC(O)CCCCCCCCCCCC)CN(CC(O)CCCCCCCCCCCC)CC(O)CCCCCCCCCCCC,LNP_Atlas_DB_202509_v1 원본 457행 [수리됨],,,,,,,
10.1016/j.jconrel.2019.10.028,40:16:42.5:1.5,C12-200,89.1,,,mRNA,DOPE,C14-PEG2000,75.58,0.208,8.16,NCCN1CCN(CCN(CC(O)CCCCCCCCCCCC)CC(O)CCCCCCCCCCCC)CC1CN(CC(O)CCCCCCCCCCCC)CN(CC(O)CCCCCCCCCCCC)CC(O)CCCCCCCCCCCC,LNP_Atlas_DB_202509_v1 원본 458행 [수리됨],,,,,,,
10.1016/j.jconrel.2019.10.028,35:16:46.5:2.5,C12-200,89.8,,,mRNA,DOPE,C14-PEG2000,83.55,0.203,11.7,NCCN1CCN(CCN(CC(O)CCCCCCCCCCCC)CC(O)CCCCCCCCCCCC)CC1CN(CC(O)CCCCCCCCCCCC)CN(CC(O)CCCCCCCCCCCC)CC(O)CCCCCCCCCCCC,LNP_Atlas_DB_202509_v1 원본 459행 [수리됨],,,,,,,
10.1016/j.jconrel.2019.10.028,35:16:46.5:2.5,C12-200,88.4,,,mRNA,DOPE,C14-PEG2000,88.09,0.224,7.53,NCCN1CCN(CCN(CC(O)CCCCCCCCCCCC)CC(O)CCCCCCCCCCCC)CC1CN(CC(O)CCCCCCCCCCCC)CN(CC(O)CCCCCCCCCCCC)CC(O)CCCCCCCCCCCC,LNP_Atlas_DB_202509_v1 원본 460행 [수리됨],,,,,,,
10.1016/j.jconrel.2019.10.028,35:16:46.5:2.5,C12-200,87.4,,,mRNA,DOPE,C14-PEG2000,83.36,0.204,3.77,NCCN1CCN(CCN(CC(O)CCCCCCCCCCCC)CC(O)CCCCCCCCCCCC)CC1CN(CC(O)CCCCCCCCCCCC)CN(CC(O)CCCCCCCCCCCC)CC(O)CCCCCCCCCCCC,LNP_Atlas_DB_202509_v1 원본 461행 [수리됨],,,,,,,
10.1016/j.jconrel.2019.10.028,35:16:46.5:2.5,C12-200,76.6,,,mRNA,DOPE,C14-PEG2000,77.32,0.214,4.23,NCCN1CCN(CCN(CC(O)CCCCCCCCCCCC)CC(O)CCCCCCCCCCCC)CC1CN(CC(O)CCCCCCCCCCCC)CN(CC(O)CCCCCCCCCCCC)CC(O)CCCCCCCCCCCC,LNP_Atlas_DB_202509_v1 원본 462행 [수리됨],,,,,,,
10.1016/j.jconrel.2019.10.028,35:16:46.5:2.5,C12-200,88.7,,,mRNA,DOPE,C14-PEG2000,84.71,0.233,4.22,NCCN1CCN(CCN(CC(O)CCCCCCCCCCCC)CC(O)CCCCCCCCCCCC)CC1CN(CC(O)CCCCCCCCCCCC)CN(CC(O)CCCCCCCCCCCC)CC(O)CCCCCCCCCCCC,LNP_Atlas_DB_202509_v1 원본 463행 [수리됨],,,,,,,
10.1016/j.jconrel.2019.10.028,35:16:46.5:2.5,C12-200,86.1,,,mRNA,DOPE,C14-PEG2000,80.85,0.223,4.01,NCCN1CCN(CCN(CC(O)CCCCCCCCCCCC)CC(O)CCCCCCCCCCCC)CC1CN(CC(O)CCCCCCCCCCCC)CN(CC(O)CCCCCCCCCCCC)CC(O)CCCCCCCCCCCC,LNP_Atlas_DB_202509_v1 원본 464행 [수리됨],,,,,,,
10.1073/pnas.2409572122,50:10:38.5:1.5,Custom lipid,78.45,,,mRNA,DSPC,C14-PEG2000,173.6,0.184,,,LNP_Atlas_DB_202509_v1 원본 465행 [수리됨],,,,,,,
10.1073/pnas.2409572122,50:10:38.5:1.5,Custom lipid,88.62,,,mRNA,DSPC,C14-PEG2000,182.6,0.209,,,LNP_Atlas_DB_202509_v1 원본 466행 [수리됨],,,,,,,
10.1073/pnas.2409572122,50:10:38.5:1.5,Custom lipid,85.73,,,mRNA,DSPC,C14-PEG2000,129.2,0.139,,,LNP_Atlas_DB_202509_v1 원본 467행 [수리됨],,,,,,,
10.1073/pnas.2409572122,50:10:38.5:1.5,Custom lipid,85.71,,,mRNA,DSPC,C14-PEG2000,125.4,0.155,,,LNP_Atlas_DB_202509_v1 원본 468행 [수리됨],,,,,,,
10.1073/pnas.2409572122,50:10:38.5:1.5,Custom lipid,76.7,,,mRNA,DSPC,C14-PEG2000,126.6,0.193,,,LNP_Atlas_DB_202509_v1 원본 469행 [수리됨],,,,,,,
10.1073/pnas.2409572122,50:10:38.5:1.5,Custom lipid,83.02,,,mRNA,DSPC,C14-PEG2000,134.6,0.141,,,LNP_Atlas_DB_202509_v1 원본 470행 [수리됨],,,,,,,
10.1073/pnas.2409572122,50:10:38.5:1.5,Custom lipid,86.24,,,mRNA,DSPC,C14-PEG2000,139.4,0.154,,,LNP_Atlas_DB_202509_v1 원본 471행 [수리됨],,,,,,,
10.1039/d5nr00433k,40:30:28.5:1.5,OF-02,90,,,mRNA,DOPE,DMG-PEG5k,112,0.104,20,CCCCC/C=C\C/C=C\CCCCCCC(O)CN(CC(O)CCCCCC/C=C\C/C=C\CCCCC)CCCCC1NC(=O)C(NC1=O)CCCCN(CC(O)CCCCCC/C=C\C/C=C\CCCCC)CC(O)CCCCCC/C=C\C/C=C\CCCCC,LNP_Atlas_DB_202509_v1 원본 476행 [수리됨],,,,,,,
10.1039/d5nr00433k,25.5:28.5:45:1,OF-02,91,,,mRNA,DOPE,DMG-PEG5k,120,0.111,19,CCCCC/C=C\C/C=C\CCCCCCC(O)CN(CC(O)CCCCCC/C=C\C/C=C\CCCCC)CCCCC1NC(=O)C(NC1=O)CCCCN(CC(O)CCCCCC/C=C\C/C=C\CCCCC)CC(O)CCCCCC/C=C\C/C=C\CCCCC,LNP_Atlas_DB_202509_v1 원본 477행 [수리됨],,,,,,,
10.1039/d5nr00433k,40.3:43.7:14.9:1.1,OF-02,89,,,mRNA,DOPE,DMG-PEG5k,125,0.067,21,CCCCC/C=C\C/C=C\CCCCCCC(O)CN(CC(O)CCCCCC/C=C\C/C=C\CCCCC)CCCCC1NC(=O)C(NC1=O)CCCCN(CC(O)CCCCCC/C=C\C/C=C\CCCCC)CC(O)CCCCCC/C=C\C/C=C\CCCCC,LNP_Atlas_DB_202509_v1 원본 478행 [수리됨],,,,,,,
10.1039/d5nr00433k,29:48.3:21.7:1,OF-02,91,,,mRNA,DOPE,DMG-PEG5k,119,0.111,20,CCCCC/C=C\C/C=C\CCCCCCC(O)CN(CC(O)CCCCCC/C=C\C/C=C\CCCCC)CCCCC1NC(=O)C(NC1=O)CCCCN(CC(O)CCCCCC/C=C\C/C=C\CCCCC)CC(O)CCCCCC/C=C\C/C=C\CCCCC,LNP_Atlas_DB_202509_v1 원본 479행 [수리됨],,,,,,,
10.1039/d5nr00433k,56.5:10:31.8:1.7,OF-02,65,,,mRNA,DOPE,DMG-PEG5k,117,0.068,17,CCCCC/C=C\C/C=C\CCCCCCC(O)CN(CC(O)CCCCCC/C=C\C/C=C\CCCCC)CCCCC1NC(=O)C(NC1=O)CCCCN(CC(O)CCCCCC/C=C\C/C=C\CCCCC)CC(O)CCCCCC/C=C\C/C=C\CCCCC,LNP_Atlas_DB_202509_v1 원본 480행 [수리됨],,,,,,,
10.1039/d5nr00433k,52.7:17.5:28.7:1.1,OF-02,88,,,mRNA,DOPE,DMG-PEG5k,125,0.049,19,CCCCC/C=C\C/C=C\CCCCCCC(O)CN(CC(O)CCCCCC/C=C\C/C=C\CCCCC)CCCCC1NC(=O)C(NC1=O)CCCCN(CC(O)CCCCCC/C=C\C/C=C\CCCCC)CC(O)CCCCCC/C=C\C/C=C\CCCCC,LNP_Atlas_DB_202509_v1 원본 481행 [수리됨],,,,,,,
10.1039/d5nr00433k,34.9:47.7:16.3:1.1,OF-02,91,,,mRNA,DOPE,DMG-PEG5k,119,0.093,19,CCCCC/C=C\C/C=C\CCCCCCC(O)CN(CC(O)CCCCCC/C=C\C/C=C\CCCCC)CCCCC1NC(=O)C(NC1=O)CCCCN(CC(O)CCCCCC/C=C\C/C=C\CCCCC)CC(O)CCCCCC/C=C\C/C=C\CCCCC,LNP_Atlas_DB_202509_v1 원본 482행 [수리됨],,,,,,,
10.1039/d5nr00433k,59.9:17:20.2:2.9,OF-02,70,,,mRNA,DOPE,DMG-PEG5k,100,0.083,15,CCCCC/C=C\C/C=C\CCCCCCC(O)CN(CC(O)CCCCCC/C=C\C/C=C\CCCCC)CCCCC1NC(=O)C(NC1=O)CCCCN(CC(O)CCCCCC/C=C\C/C=C\CCCCC)CC(O)CCCCCC/C=C\C/C=C\CCCCC,LNP_Atlas_DB_202509_v1 원본 483행 [수리됨],,,,,,,
10.1039/d5nr00433k,20.4:33.9:42.1:3.6,OF-02,76,,,mRNA,DOPE,DMG-PEG5k,93,0.139,14,CCCCC/C=C\C/C=C\CCCCCCC(O)CN(CC(O)CCCCCC/C=C\C/C=C\CCCCC)CCCCC1NC(=O)C(NC1=O)CCCCN(CC(O)CCCCCC/C=C\C/C=C\CCCCC)CC(O)CCCCCC/C=C\C/C=C\CCCCC,LNP_Atlas_DB_202509_v1 원본 484행 [수리됨],,,,,,,
10.1039/d5nr00433k,54.8:33.1:10.1:2,OF-02,86,,,mRNA,DOPE,DMG-PEG5k,110,0.077,18,CCCCC/C=C\C/C=C\CCCCCCC(O)CN(CC(O)CCCCCC/C=C\C/C=C\CCCCC)CCCCC1NC(=O)C(NC1=O)CCCCN(CC(O)CCCCCC/C=C\C/C=C\CCCCC)CC(O)CCCCCC/C=C\C/C=C\CCCCC,LNP_Atlas_DB_202509_v1 원본 485행 [수리됨],,,,,,,
10.1039/d5nr00433k,39.7:30.6:27.3:2.5,OF-02,85,,,mRNA,DOPE,DMG-PEG5k,99,0.117,17,CCCCC/C=C\C/C=C\CCCCCCC(O)CN(CC(O)CCCCCC/C=C\C/C=C\CCCCC)CCCCC1NC(=O)C(NC1=O)CCCCN(CC(O)CCCCCC/C=C\C/C=C\CCCCC)CC(O)CCCCCC/C=C\C/C=C\CCCCC,LNP_Atlas_DB_202509_v1 원본 486행 [수리됨],,,,,,,
10.1039/d5nr00433k,49.1:13.7:33.4:3.8,OF-02,66,,,mRNA,DOPE,DMG-PEG5k,98,0.119,16,CCCCC/C=C\C/C=C\CCCCCCC(O)CN(CC(O)CCCCCC/C=C\C/C=C\CCCCC)CCCCC1NC(=O)C(NC1=O)CCCCN(CC(O)CCCCCC/C=C\C/C=C\CCCCC)CC(O)CCCCCC/C=C\C/C=C\CCCCC,LNP_Atlas_DB_202509_v1 원본 487행 [수리됨],,,,,,,
10.1039/d5nr00433k,38.6:15.9:44.4:1.1,OF-02,94,,,mRNA,DOPE,DMG-PEG5k,115,0.055,19,CCCCC/C=C\C/C=C\CCCCCCC(O)CN(CC(O)CCCCCC/C=C\C/C=C\CCCCC)CCCCC1NC(=O)C(NC1=O)CCCCN(CC(O)CCCCCC/C=C\C/C=C\CCCCC)CC(O)CCCCCC/C=C\C/C=C\CCCCC,LNP_Atlas_DB_202509_v1 원본 488행 [수리됨],,,,,,,
10.1039/d5nr00433k,40.7:32.2:26.1:1,OF-02,95,,,mRNA,DOPE,DMG-PEG5k,128,0.107,20,CCCCC/C=C\C/C=C\CCCCCCC(O)CN(CC(O)CCCCCC/C=C\C/C=C\CCCCC)CCCCC1NC(=O)C(NC1=O)CCCCN(CC(O)CCCCCC/C=C\C/C=C\CCCCC)CC(O)CCCCCC/C=C\C/C=C\CCCCC,LNP_Atlas_DB_202509_v1 원본 489행 [수리됨],,,,,,,
10.1039/d5nr00433k,39.7:30.6:27.3:2.5,OF-02,84,,,mRNA,DOPE,DMG-PEG5k,92,0.079,17,CCCCC/C=C\C/C=C\CCCCCCC(O)CN(CC(O)CCCCCC/C=C\C/C=C\CCCCC)CCCCC1NC(=O)C(NC1=O)CCCCN(CC(O)CCCCCC/C=C\C/C=C\CCCCC)CC(O)CCCCCC/C=C\C/C=C\CCCCC,LNP_Atlas_DB_202509_v1 원본 490행 [수리됨],,,,,,,
10.1039/d5nr00433k,23.1:33.7:41.4:1.8,OF-02,90,,,mRNA,DOPE,DMG-PEG5k,93,0.113,19,CCCCC/C=C\C/C=C\CCCCCCC(O)CN(CC(O)CCCCCC/C=C\C/C=C\CCCCC)CCCCC1NC(=O)C(NC1=O)CCCCN(CC(O)CCCCCC/C=C\C/C=C\CCCCC)CC(O)CCCCCC/C=C\C/C=C\CCCCC,LNP_Atlas_DB_202509_v1 원본 491행 [수리됨],,,,,,,
10.1039/d5nr00433k,30.6:45:21.7:2.7,OF-02,76,,,mRNA,DOPE,DMG-PEG5k,92,0.138,17,CCCCC/C=C\C/C=C\CCCCCCC(O)CN(CC(O)CCCCCC/C=C\C/C=C\CCCCC)CCCCC1NC(=O)C(NC1=O)CCCCN(CC(O)CCCCCC/C=C\C/C=C\CCCCC)CC(O)CCCCCC/C=C\C/C=C\CCCCC,LNP_Atlas_DB_202509_v1 원본 492행 [수리됨],,,,,,,
10.1039/d5nr00433k,54.4:10.2:32.4:3,OF-02,64,,,mRNA,DOPE,DMG-PEG5k,102,0.084,17,CCCCC/C=C\C/C=C\CCCCCCC(O)CN(CC(O)CCCCCC/C=C\C/C=C\CCCCC)CCCCC1NC(=O)C(NC1=O)CCCCN(CC(O)CCCCCC/C=C\C/C=C\CCCCC)CC(O)CCCCCC/C=C\C/C=C\CCCCC,LNP_Atlas_DB_202509_v1 원본 493행 [수리됨],,,,,,,
10.1039/d5nr00433k,40.3:35.6:20.9:3.2,OF-02,74,,,mRNA,DOPE,DMG-PEG5k,95,0.079,18,CCCCC/C=C\C/C=C\CCCCCCC(O)CN(CC(O)CCCCCC/C=C\C/C=C\CCCCC)CCCCC1NC(=O)C(NC1=O)CCCCN(CC(O)CCCCCC/C=C\C/C=C\CCCCC)CC(O)CCCCCC/C=C\C/C=C\CCCCC,LNP_Atlas_DB_202509_v1 원본 494행 [수리됨],,,,,,,
10.1039/d5nr00433k,39.1:12.6:44.4:3.8,OF-02,73,,,mRNA,DOPE,DMG-PEG5k,97,0.084,15,CCCCC/C=C\C/C=C\CCCCCCC(O)CN(CC(O)CCCCCC/C=C\C/C=C\CCCCC)CCCCC1NC(=O)C(NC1=O)CCCCN(CC(O)CCCCCC/C=C\C/C=C\CCCCC)CC(O)CCCCCC/C=C\C/C=C\CCCCC,LNP_Atlas_DB_202509_v1 원본 495행 [수리됨],,,,,,,
10.1039/d5nr00433k,22.5:39.7:33.8:4,OF-02,70,,,mRNA,DOPE,DMG-PEG5k,90,0.167,12,CCCCC/C=C\C/C=C\CCCCCCC(O)CN(CC(O)CCCCCC/C=C\C/C=C\CCCCC)CCCCC1NC(=O)C(NC1=O)CCCCN(CC(O)CCCCCC/C=C\C/C=C\CCCCC)CC(O)CCCCCC/C=C\C/C=C\CCCCC,LNP_Atlas_DB_202509_v1 원본 496행 [수리됨],,,,,,,
10.1039/d5nr00433k,25.6:48.5:22.7:3.2,OF-02,71,,,mRNA,DOPE,DMG-PEG5k,96,0.161,16,CCCCC/C=C\C/C=C\CCCCCCC(O)CN(CC(O)CCCCCC/C=C\C/C=C\CCCCC)CCCCC1NC(=O)C(NC1=O)CCCCN(CC(O)CCCCCC/C=C\C/C=C\CCCCC)CC(O)CCCCCC/C=C\C/C=C\CCCCC,LNP_Atlas_DB_202509_v1 원본 497행 [수리됨],,,,,,,
10.1039/d5nr00433k,40:30:28.5:1.5,OF-02,88,,,mRNA,DOPE,DMG-PEG5k,90,0.15,18,CCCCC/C=C\C/C=C\CCCCCCC(O)CN(CC(O)CCCCCC/C=C\C/C=C\CCCCC)CCCCC1NC(=O)C(NC1=O)CCCCN(CC(O)CCCCCC/C=C\C/C=C\CCCCC)CC(O)CCCCCC/C=C\C/C=C\CCCCC,LNP_Atlas_DB_202509_v1 원본 499행 [수리됨],,,,,,,
10.1016/j.cej.2022.136310,50:10:38:2,DLin-MC3-DMA,82.64,,,siRNA,DOPC,DMG-PEG2000,199,0.32,3.21,CCCCC/C=C\C/C=C\CCCCCCCCC(OC(=O)CCCN(C)C)CCCCCCCC/C=C\C/C=C\CCCCC,LNP_Atlas_DB_202509_v1 원본 500행,,,,,,,
10.1016/j.cej.2022.136310,50:10:38:2,DLin-MC3-DMA,94.37,,,siRNA,DOPC,DMG-PEG2000,95.8,0.27,1.32,CCCCC/C=C\C/C=C\CCCCCCCCC(OC(=O)CCCN(C)C)CCCCCCCC/C=C\C/C=C\CCCCC,LNP_Atlas_DB_202509_v1 원본 501행,,,,,,,
10.1016/j.cej.2022.136310,50:10:38:2,DLin-MC3-DMA,99.43,,,siRNA,DOPC,DMG-PEG2000,85.2,0.25,1.34,CCCCC/C=C\C/C=C\CCCCCCCCC(OC(=O)CCCN(C)C)CCCCCCCC/C=C\C/C=C\CCCCC,LNP_Atlas_DB_202509_v1 원본 502행,,,,,,,
10.1016/j.cej.2022.136310,50:10:38:2,DLin-KC2-DMA,65.75,,,siRNA,DOPC,DMG-PEG2000,175,0.38,1.5,CCCCC/C=C\C/C=C\CCCCCCCCC1(OC(CO1)CCN(C)C)CCCCCCCC/C=C\C/C=C\CCCCC,LNP_Atlas_DB_202509_v1 원본 503행,,,,,,,
10.1016/j.cej.2022.136310,50:10:38:2,DLin-KC2-DMA,91.95,,,siRNA,DOPC,DMG-PEG2000,90.6,0.25,1.95,CCCCC/C=C\C/C=C\CCCCCCCCC1(OC(CO1)CCN(C)C)CCCCCCCC/C=C\C/C=C\CCCCC,LNP_Atlas_DB_202509_v1 원본 504행,,,,,,,
10.1016/j.cej.2022.136310,50:10:38:2,DLin-KC2-DMA,98.94,,,siRNA,DOPC,DMG-PEG2000,90.1,0.26,0.91,CCCCC/C=C\C/C=C\CCCCCCCCC1(OC(CO1)CCN(C)C)CCCCCCCC/C=C\C/C=C\CCCCC,LNP_Atlas_DB_202509_v1 원본 505행,,,,,,,
10.34133/bmr.0017,50:10:38.5:1.5,SM-102,92.3,,,mRNA,DSPC,DMG-PEG2000,71.48,0.106,,CCCCCCCCCCCOC(=O)CCCCCN(CCCCCCCC(=O)OC(CCCCCCCC)CCCCCCCC)CCO,LNP_Atlas_DB_202509_v1 원본 508행,,,,,,,
10.34133/bmr.0017,50:10:38.5:1.5,SM-102,92.9,,,mRNA,DSPC,C16-Ceramide-PEG2000,82.84,0.079,,CCCCCCCCCCCOC(=O)CCCCCN(CCCCCCCC(=O)OC(CCCCCCCC)CCCCCCCC)CCO,LNP_Atlas_DB_202509_v1 원본 509행,,,,,,,
10.34133/bmr.0017,26.5:20:52:1.5,244-cis,91.7,,,mRNA,DOPE,C16-Ceramide-PEG2000,69.41,0.077,,CCCCCC/C=C\COC(=O)CCCCCCCCN1CCN(CC1)CCN(CCCCCCCCC(=O)OC/C=C\CCCCCC)CCCCCCCCC(=O)OC/C=C\CCCCCC,LNP_Atlas_DB_202509_v1 원본 510행,,,,,,,
10.34133/bmr.0017,26.5:20:52:1.5,244-cis,91.1,,,mRNA,DOPE,DMG-PEG2000,68.29,0.11,,CCCCCC/C=C\COC(=O)CCCCCCCCN1CCN(CC1)CCN(CCCCCCCCC(=O)OC/C=C\CCCCCC)CCCCCCCCC(=O)OC/C=C\CCCCCC,LNP_Atlas_DB_202509_v1 원본 511행,,,,,,,
10.34133/bmr.0017,26.5:20:52.4:1.1,244-cis,89.5,,,mRNA,DOPE,DMG-PEG2000,78.37,0.074,,CCCCCC/C=C\COC(=O)CCCCCCCCN1CCN(CC1)CCN(CCCCCCCCC(=O)OC/C=C\CCCCCC)CCCCCCCCC(=O)OC/C=C\CCCCCC,LNP_Atlas_DB_202509_v1 원본 512행,,,,,,,
10.34133/bmr.0017,26.5:20:52.4:1,244-cis,72.5,,,mRNA,DOPE,DMG-PEG2000,,,,CCCCCC/C=C\COC(=O)CCCCCCCCN1CCN(CC1)CCN(CCCCCCCCC(=O)OC/C=C\CCCCCC)CCCCCCCCC(=O)OC/C=C\CCCCCC,LNP_Atlas_DB_202509_v1 원본 513행,,,,,,,
10.1002/adfm.202106727,50:38.5:10:1.5,Heptadecan-9-yl 8-((2-hydroxyethyl)(8-(nonyloxy)-8-oxooctyl)amino)octanoate,94,,,mRNA,DSPC,PEG-lipid,89.3,0.17,,CCCCCCCCCOC(=O)CCCCCCCN(CCCCCCCC(=O)OC(CCCCCCCC)CCCCCCCC)CCO,LNP_Atlas_DB_202509_v1 원본 514행 [수리됨],,,,,,,
10.1002/adfm.202106727,50:38.5:10:1.5,BP-Lipid-135,75.2,,,mRNA,DSPC,PEG-lipid,89.1,0.16,,CCCCCCCCCOC(=O)CCCCCCCN(CCCCCCCC(=O)OC(CCCCCCCC)CCCCCCCC)CCCO,LNP_Atlas_DB_202509_v1 원본 515행 [수리됨],,,,,,,
10.1002/adfm.202106727,50:38.5:10:1.5,Custom lipid,63.1,,,mRNA,DSPC,PEG-lipid,93.2,0.18,,CCCCCCCCC(CCCCCCCC)OC(=O)CCCCCCCN(CCCCO)CCCCCCCC(=O)OCCCCCCCCC,LNP_Atlas_DB_202509_v1 원본 516행 [수리됨],,,,,,,
10.1002/adfm.202106727,50:38.5:10:1.5,Custom lipid,81.9,,,mRNA,DSPC,PEG-lipid,102.4,0.12,,CCCCCCCCC(CCCCCCCC)OC(=O)CCCCCCCN(CCCNC(=O)C)CCCCCCCC(=O)OCCCCCCCCC,LNP_Atlas_DB_202509_v1 원본 517행 [수리됨],,,,,,,
10.1002/adfm.202106727,50:38.5:10:1.5,Custom lipid,94.6,,,mRNA,DSPC,PEG-lipid,84.5,0.12,,CCCCCCCCC(CCCCCCCC)OC(=O)CCCCCCCN(CCCNS(=O)(=O)C)CCCCCCCC(=O)OCCCCCCCCC,LNP_Atlas_DB_202509_v1 원본 518행 [수리됨],,,,,,,
10.1002/adfm.202106727,50:38.5:10:1.5,Custom lipid,63.4,,,mRNA,DSPC,PEG-lipid,93.4,0.07,,CCCCCCCCC(CCCCCCCC)OC(=O)CCCCCCCN(CCCNC(=O)N(C)C)CCCCCCCC(=O)OCCCCCCCCC,LNP_Atlas_DB_202509_v1 원본 519행 [수리됨],,,,,,,
10.1002/adfm.202106727,50:38.5:10:1.5,Custom lipid,78.6,,,mRNA,DSPC,PEG-lipid,91.3,0.08,,CCCCCCCCC(CCCCCCCC)OC(=O)CCCCCCCN(CCCNC(=S)N(C)C)CCCCCCCC(=O)OCCCCCCCCC,LNP_Atlas_DB_202509_v1 원본 520행 [수리됨],,,,,,,
10.1002/adfm.202106727,50:38.5:10:1.5,Custom lipid,90.9,,,mRNA,DSPC,PEG-lipid,88.1,0.07,,CCCCCCCCC(CCCCCCCC)OC(=O)CCCCCCCN(CCCNC(=O)NC)CCCCCCCC(=O)OCCCCCCCCC,LNP_Atlas_DB_202509_v1 원본 521행 [수리됨],,,,,,,
10.1002/adfm.202106727,50:38.5:10:1.5,Custom lipid,94.5,,,mRNA,DSPC,PEG-lipid,84.3,0.23,,CCCCCCCCC(CCCCCCCC)OC(=O)CCCCCCCN(CCCNC(=S)NC)CCCCCCCC(=O)OCCCCCCCCC,LNP_Atlas_DB_202509_v1 원본 522행 [수리됨],,,,,,,
10.1002/adfm.202106727,50:38.5:10:1.5,Custom lipid,100,,,mRNA,DSPC,PEG-lipid,52.8,0.15,,CCCCCCCCC(CCCCCCCC)OC(=O)CCCCCCCN(CCCOC(=O)NC)CCCCCCCC(=O)OCCCCCCCCC,LNP_Atlas_DB_202509_v1 원본 523행 [수리됨],,,,,,,
10.1002/adfm.202106727,50:38.5:10:1.5,Custom lipid,51.6,,,mRNA,DSPC,PEG-lipid,96.7,0.21,,CCCCCCCCC(CCCCCCCC)OC(=O)CCCCCCCN(CCCN)CCCCCCCC(=O)OCCCCCCCCC,LNP_Atlas_DB_202509_v1 원본 524행 [수리됨],,,,,,,
10.1002/adfm.202106727,50:38.5:10:1.5,Custom lipid,99.5,,,mRNA,DSPC,PEG-lipid,69.7,0.18,,CCCCCCCCC(CCCCCCCC)OC(=O)CCCCCCCC/N(CCCN/C(=N\C#N)N)CCCCCCCC(=O)OCCCCCCCCC,LNP_Atlas_DB_202509_v1 원본 525행 [수리됨],,,,,,,
10.1002/adfm.202106727,50:38.5:10:1.5,Custom lipid,97.7,,,mRNA,DSPC,PEG-lipid,94.2,0.16,,CCCCCCCCC(CCCCCCCC)OC(=O)CCCCCCCC/N(CCCN/C(=N\C#N)NC)CCCCCCCC(=O)OCCCCCCCCC,LNP_Atlas_DB_202509_v1 원본 526행 [수리됨],,,,,,,
10.1002/adfm.202106727,50:38.5:10:1.5,Custom lipid,78.3,,,mRNA,DSPC,PEG-lipid,98.8,0.13,,CCCCCCCCC(CCCCCCCC)OC(=O)CCCCCCCN(CCCN\C(=N/C#N)N(C)C)CCCCCCCC(=O)OCCCCCCCCC,LNP_Atlas_DB_202509_v1 원본 527행 [수리됨],,,,,,,
10.1002/adfm.202106727,50:38.5:10:1.5,Custom lipid,98.6,,,mRNA,DSPC,PEG-lipid,53.4,0.16,,CCCCCCCCC(CCCCCCCC)OC(=O)CCCCCCCC/N(CCCN/C(=N\[N+](=O)[O-])N(C)C)CCCCCCCC(=O)OCCCCCCCCC,LNP_Atlas_DB_202509_v1 원본 528행 [수리됨],,,,,,,
10.1002/adfm.202106727,50:38.5:10:1.5,Custom lipid,99.5,,,mRNA,DSPC,PEG-lipid,75.4,0.24,,CCCCCCCCC(CCCCCCCC)OC(=O)CCCCCCCN1CCCOC(=N)N(CCCCCCCC(=O)OCCCCCCCCC)CC1,LNP_Atlas_DB_202509_v1 원본 529행 [수리됨],,,,,,,
10.1002/adfm.202106727,50:38.5:10:1.5,Custom lipid,98.8,,,mRNA,DSPC,PEG-lipid,59.9,0.25,,CCCCCCCCC(CCCCCCCC)OC(=O)CCCCCCCN(CCCN\C(=N/S(=O)(=O)N)N(C)C)CCCCCCCC(=O)OCCCCCCCCC,LNP_Atlas_DB_202509_v1 원본 530행 [수리됨],,,,,,,
10.1002/adfm.202106727,50:38.5:10:1.5,Custom lipid,98.7,,,mRNA,DSPC,PEG-lipid,109,0.15,,CCCCCCCCC(CCCCCCCC)OC(=O)CCCCCCCN(CCCNC(=C([N+](=O)[O-]))N)CCCCCCCC(=O)OCCCCCCCCC,LNP_Atlas_DB_202509_v1 원본 531행 [수리됨],,,,,,,
10.1002/adfm.202106727,50:38.5:10:1.5,Custom lipid,96.8,,,mRNA,DSPC,PEG-lipid,94.8,0.15,,CCCCCCCCC(CCCCCCCC)OC(=O)CCCCCCCC/N(CCCNC(=C([N+](=O)[O-]))/NC)CCCCCCCC(=O)OCCCCCCCCC,LNP_Atlas_DB_202509_v1 원본 532행 [수리됨],,,,,,,
10.1002/adfm.202106727,50:38.5:10:1.5,Custom lipid,98.9,,,mRNA,DSPC,PEG-lipid,60.9,0.33,,CCCCCCCCC(CCCCCCCC)OC(=O)CCCCCCCC/N(CCCNC(=C([N+](=O)[O-]))/N(C)C)CCCCCCCC(=O)OCCCCCCCCC,LNP_Atlas_DB_202509_v1 원본 533행 [수리됨],,,,,,,
10.1002/adfm.202106727,50:38.5:10:1.5,Custom lipid,100,,,mRNA,DSPC,PEG-lipid,69.3,0.23,,CCCCCCCCC(CCCCCCCC)OC(=O)CCCCCCCN(CCCNc1nccs1)CCCCCCCC(=O)OCCCCCCCCC,LNP_Atlas_DB_202509_v1 원본 534행 [수리됨],,,,,,,
10.1002/adfm.202106727,50:38.5:10:1.5,Custom lipid,75.1,,,mRNA,DSPC,PEG-lipid,123.9,0.2,,CCCCCCCCC(CCCCCCCC)OC(=O)CCCCCCCN(CCCNC1=C(N)C(=O)C1=O)CCCCCCCC(=O)OCCCCCCCCC,LNP_Atlas_DB_202509_v1 원본 535행 [수리됨],,,,,,,
10.1002/adfm.202106727,50:38.5:10:1.5,Custom lipid,93.5,,,mRNA,DSPC,PEG-lipid,102.2,0.17,,CCCCCCCCC(CCCCCCCC)OC(=O)CCCCCCCN(CCCNC1=C(NC)C(=O)C1=O)CCCCCCCC(=O)OCCCCCCCCC,LNP_Atlas_DB_202509_v1 원본 536행 [수리됨],,,,,,,
10.1002/adfm.202106727,50:38.5:10:1.5,Custom lipid,89.6,,,mRNA,DSPC,PEG-lipid,84.4,0.17,,CCCCCCCCCCC(=O)OCCCCCCCN(CCCNC(=S)N(C)C)CCCCCCCC(=O)OC(CCCCCCCC)CCCCCCCC,LNP_Atlas_DB_202509_v1 원본 537행 [수리됨],,,,,,,
10.1002/adfm.202106727,50:38.5:10:1.5,Custom lipid,77.9,,,mRNA,DSPC,PEG-lipid,78.1,0.43,,CCCCCCCCCCC(=O)OCCCCCCCN(CCCNC1=C(NC)C(=O)C1=O)CCCCCCCC(=O)OC(CCCCCCCC)CCCCCCCC,LNP_Atlas_DB_202509_v1 원본 538행 [수리됨],,,,,,,
10.1002/adfm.202106727,50:38.5:10:1.5,Custom lipid,95.1,,,mRNA,DSPC,PEG-lipid,77.1,0.19,,CCCCCCCCC(CCCCCCCC)OC(=O)CCCCCCCN(CCCNC(=S)N(C)C)CCCCCCCC(=O)OCC(C)CCCCCCCC,LNP_Atlas_DB_202509_v1 원본 539행 [수리됨],,,,,,,
10.1126/sciadv.abf4398,26.5:20:52:1,246C10,88.3,,,mRNA,DOPE,C16-Ceramide-PEG2000,97,0.064,,CCCCCCCCCCC(CN(CCCN1CCN(CC1)CCCN(CC(CCCCCCCCCC)O)CC(CCCCCCCCCC)O)CC(CCCCCCCCCC)O)O,LNP_Atlas_DB_202509_v1 원본 53행 [수리됨],,,,,,,
10.1002/adfm.202106727,50:38.5:10:1.5,Custom lipid,83,,,mRNA,DSPC,PEG-lipid,63.4,0.22,,CCCCCCCCC(CCCCCCCC)OC(=O)CCCCCCCN(CCCNC1=C(NC)C(=O)C1=O)CCCCCCCC(=O)OCC(C)CCCCCCCC,LNP_Atlas_DB_202509_v1 원본 540행 [수리됨],,,,,,,
10.1002/adfm.202106727,50:38.5:10:1.5,Custom lipid,93.8,,,mRNA,DSPC,PEG-lipid,98.8,0.2,,CCCCCCCCC(CCCCCCCC)OC(=O)CCCCCCCN(CCCNC(=S)N(C)C)CCCCCCCC(=O)OCC(CC)CCCCCCCC,LNP_Atlas_DB_202509_v1 원본 541행 [수리됨],,,,,,,
10.1002/adfm.202106727,50:38.5:10:1.5,Custom lipid,90.4,,,mRNA,DSPC,PEG-lipid,67,0.11,,,LNP_Atlas_DB_202509_v1 원본 542행 [수리됨],,,,,,,
10.1002/adfm.202106727,50:38.5:10:1.5,Custom lipid,97.6,,,mRNA,DSPC,PEG-lipid,73.2,0.37,,CCCCCCCCC(CCCCCCCC)OC(=O)CCCCCCCN(CCCNC(=S)N(C)C)CCCCCCCC(=O)OCC(C)(C)CCCCCCCCC,LNP_Atlas_DB_202509_v1 원본 543행 [수리됨],,,,,,,
10.1002/adfm.202106727,50:38.5:10:1.5,Custom lipid,96,,,mRNA,DSPC,PEG-lipid,83.2,0.11,,CCCCCCCCC(CCCCCCCC)OC(=O)CCCCCCCN(CCCNC(=O)Nc1ccc2ccccc2c1)CCCCCCCC(=O)OCCCCCCCCC,LNP_Atlas_DB_202509_v1 원본 544행 [수리됨],,,,,,,
10.1002/adfm.202106727,50:38.5:10:1.5,Custom lipid,98.1,,,mRNA,DSPC,PEG-lipid,98.7,0.16,,CCCCCCCCC(CCCCCCCC)OC(=O)CCCCCCCN(CCCNC(=O)Nc1ccccc1)CCCCCCCC(=O)OCCCCCCCCC,LNP_Atlas_DB_202509_v1 원본 545행 [수리됨],,,,,,,
10.1002/adfm.202106727,50:38.5:10:1.5,Custom lipid,97.5,,,mRNA,DSPC,PEG-lipid,96.3,0.16,,CCCCCCCCC(CCCCCCCC)OC(=O)CCCCCCCN(CCCNC(=O)Nc1ccc(F)cc1)CCCCCCCC(=O)OCCCCCCCCC,LNP_Atlas_DB_202509_v1 원본 546행 [수리됨],,,,,,,
10.1002/adfm.202106727,50:38.5:10:1.5,Custom lipid,99,,,mRNA,DSPC,PEG-lipid,60.4,0.11,,CCCCCCCCC(CCCCCCCC)OC(=O)CCCCCCCN(CCCNC(=O)Nc1ccc(Cl)cc1)CCCCCCCC(=O)OCCCCCCCCC,LNP_Atlas_DB_202509_v1 원본 547행 [수리됨],,,,,,,
10.1002/adfm.202106727,50:38.5:10:1.5,Custom lipid,97.6,,,mRNA,DSPC,PEG-lipid,92,0.16,,CCCCCCCCC(CCCCCCCC)OC(=O)CCCCCCCN(CCCNC(=O)Nc1ccc(OC)cc1)CCCCCCCC(=O)OCCCCCCCCC,LNP_Atlas_DB_202509_v1 원본 548행 [수리됨],,,,,,,
10.1002/adfm.202106727,50:38.5:10:1.5,Custom lipid,95.3,,,mRNA,DSPC,PEG-lipid,104.4,0.18,,CCCCCCCCC(CCCCCCCC)OC(=O)CCCCCCCN(CCCNC(=O)Nc1ccc([N+](=O)[O-])cc1)CCCCCCCC(=O)OCCCCCCCCC,LNP_Atlas_DB_202509_v1 원본 549행 [수리됨],,,,,,,
10.1126/sciadv.abf4398,26.5:20:51.5:1.5,246C10,90.1,,,mRNA,DOPE,C16-Ceramide-PEG2000,68,0.127,,CCCCCCCCCCC(CN(CCCN1CCN(CC1)CCCN(CC(CCCCCCCCCC)O)CC(CCCCCCCCCC)O)CC(CCCCCCCCCC)O)O,LNP_Atlas_DB_202509_v1 원본 54행 [수리됨],,,,,,,
10.1002/adfm.202106727,50:38.5:10:1.5,Custom lipid,95,,,mRNA,DSPC,PEG-lipid,75.8,0.08,,CCCCCCCCC(CCCCCCCC)OC(=O)CCCCCCCN(CCCNC(=O)N(C)C)CCCCCCCCC(=O)C,LNP_Atlas_DB_202509_v1 원본 550행 [수리됨],,,,,,,
10.1002/adfm.202106727,50:38.5:10:1.5,Custom lipid,83,,,mRNA,DSPC,PEG-lipid,57.6,0.07,,CCCCCCCCC(CCCCCCCC)OC(=O)CCCCCCCN(CCCNC(=O)N(C)C)CCCCCC(=O)CCCCC,LNP_Atlas_DB_202509_v1 원본 551행 [수리됨],,,,,,,
10.1002/adfm.202106727,50:38.5:10:1.5,Custom lipid,99,,,mRNA,DSPC,PEG-lipid,89.4,0.16,,CCCCCCCCC(CCCCCCCC)OC(=O)CCCCCCCN(CCCNC(=O)N(C)C)CCC(C)CCC(C)CCC,LNP_Atlas_DB_202509_v1 원본 552행 [수리됨],,,,,,,
10.1002/adfm.202106727,50:38.5:10:1.5,Custom lipid,99,,,mRNA,DSPC,PEG-lipid,65.9,0.2,,CCCCCCCCC(CCCCCCCC)OC(=O)CCCCCCCN(CCCNC(=O)N(C)C)CCC(C)CCC(C)CCC(C)CCC,LNP_Atlas_DB_202509_v1 원본 553행 [수리됨],,,,,,,
10.3390/pr11061718,46.3:9.5:42.7:1.5,ALC-0315,90,,,DNA,DSPC,ALC-0159,104,0.012,,CCCCCCCCC(CCCCCC)C(=O)OCCCCCCN(CCCCCCOC(=O)C(CCCCCC)CCCCCCCC)CCCCO,LNP_Atlas_DB_202509_v1 원본 554행 [수리됨],,,,,,,
10.3390/pr11061718,46.3:9.5:42.7:1.5,ALC-0315,32,,,DNA,DSPC,ALC-0159,120,0.027,,CCCCCCCCC(CCCCCC)C(=O)OCCCCCCN(CCCCCCOC(=O)C(CCCCCC)CCCCCCCC)CCCCO,LNP_Atlas_DB_202509_v1 원본 556행 [수리됨],,,,,,,
10.3390/pr11061718,46.3:9.5:42.7:1.5,ALC-0315,88,,,DNA,DSPC,ALC-0159,71,0.004,,CCCCCCCCC(CCCCCC)C(=O)OCCCCCCN(CCCCCCOC(=O)C(CCCCCC)CCCCCCCC)CCCCO,LNP_Atlas_DB_202509_v1 원본 557행 [수리됨],,,,,,,
10.1126/sciadv.abf4398,26.5:20:50.5:3,246C10,80.1,,,mRNA,DOPE,C16-Ceramide-PEG2000,58,0.196,,CCCCCCCCCCC(CN(CCCN1CCN(CC1)CCCN(CC(CCCCCCCCCC)O)CC(CCCCCCCCCC)O)CC(CCCCCCCCCC)O)O,LNP_Atlas_DB_202509_v1 원본 55행 [수리됨],,,,,,,
10.1039/C9NR02004G,50:10:39:1,DLin-KC2-DMA,85,,,mRNA,DSPC,DSPE-PEG2000,19,,,CCCCC/C=C\C/C=C\CCCCCCCCC1(OC(CO1)CCN(C)C)CCCCCCCC/C=C\C/C=C\CCCCC,LNP_Atlas_DB_202509_v1 원본 562행,,,,,,,
10.1039/C9NR02004G,50:10:39:1,DLin-KC2-DMA,85,,,DNA,DSPC,DSPE-PEG2000,18.5,,,CCCCC/C=C\C/C=C\CCCCCCCCC1(OC(CO1)CCN(C)C)CCCCCCCC/C=C\C/C=C\CCCCC,LNP_Atlas_DB_202509_v1 원본 563행,,,,,,,
10.1039/C9NR02004G,50:10:39:1,DLin-KC2-DMA,85,,,DNA,DSPC,DSPE-PEG2000,17.2,,,CCCCC/C=C\C/C=C\CCCCCCCCC1(OC(CO1)CCN(C)C)CCCCCCCC/C=C\C/C=C\CCCCC,LNP_Atlas_DB_202509_v1 원본 564행,,,,,,,
10.1039/C9NR02004G,50:10:39:1,DLin-KC2-DMA,85,,,DNA,DSPC,DSPE-PEG2000,22.9,,,CCCCC/C=C\C/C=C\CCCCCCCCC1(OC(CO1)CCN(C)C)CCCCCCCC/C=C\C/C=C\CCCCC,LNP_Atlas_DB_202509_v1 원본 565행,,,,,,,
10.1039/C9NR02004G,50:10:38.5:1.5,Custom lipid,85,,,siRNA,DSPC,DSPE-PEG2000,,,,,LNP_Atlas_DB_202509_v1 원본 568행,,,,,,,
10.1002/jbm.a.37705,35:16:46.5:2.5,Custom lipid,65,,,mRNA,DOPE,C14-PEG2000,105,0.3,10.5,,LNP_Atlas_DB_202509_v1 원본 573행 [수리됨],,,,,,,
10.1002/jbm.a.37705,35:16:46.5:2.5,C9-200,47,,,mRNA,DOPE,C14-PEG2000,120,0.28,5.2,CCCCCCCC(O)CN(CCN1CCN(CCN(CC(O)CCCCCCC)CC(O)CCCCCCC)CC1)CCN(CC(O)CCCCCCC)CC(O)CCCCCCC,LNP_Atlas_DB_202509_v1 원본 574행 [수리됨],,,,,,,
10.1002/jbm.a.37705,35:16:46.5:2.5,C10-200,95,,,mRNA,DOPE,C14-PEG2000,85,0.18,4.2,OC(CN(CCN1CCN(CC1)CCN(CC(O)CCCCCCCC)CC(O)CCCCCCCC)CCN(CC(O)CCCCCCCC)CC(O)CCCCCCCC)CCCCCCCC,LNP_Atlas_DB_202509_v1 원본 575행 [수리됨],,,,,,,
10.1002/jbm.a.37705,35:16:46.5:2.5,Custom lipid,62,,,mRNA,DOPE,C14-PEG2000,90,0.16,7.8,,LNP_Atlas_DB_202509_v1 원본 576행 [수리됨],,,,,,,
10.1002/jbm.a.37705,35:16:46.5:2.5,C12-200,87,,,mRNA,DOPE,C14-PEG2000,82,0.22,9.8,NCCN1CCN(CCN(CC(O)CCCCCCCCCCCC)CC(O)CCCCCCCCCCCC)CC1CN(CC(O)CCCCCCCCCCCC)CN(CC(O)CCCCCCCCCCCC)CC(O)CCCCCCCCCCCC,LNP_Atlas_DB_202509_v1 원본 577행 [수리됨],,,,,,,
10.1002/jbm.a.37705,35:16:46.5:2.5,Custom lipid,74,,,mRNA,DOPE,C14-PEG2000,88,0.19,9.2,,LNP_Atlas_DB_202509_v1 원본 578행 [수리됨],,,,,,,
10.1002/jbm.a.37705,35:16:46.5:2.5,Custom lipid,68,,,mRNA,DOPE,C14-PEG2000,108,0.33,5.1,,LNP_Atlas_DB_202509_v1 원본 579행 [수리됨],,,,,,,
10.1002/jbm.a.37705,35:16:46.5:2.5,Custom lipid,50,,,mRNA,DOPE,C14-PEG2000,98,0.24,5.2,,LNP_Atlas_DB_202509_v1 원본 580행 [수리됨],,,,,,,
10.1002/jbm.a.37705,35:16:46.5:2.5,Custom lipid,58,,,mRNA,DOPE,C14-PEG2000,95,0.21,6.1,,LNP_Atlas_DB_202509_v1 원본 581행 [수리됨],,,,,,,
10.1126/sciadv.aba1028,35:46.5:16:2.5,Custom lipid,88,,,mRNA,DOPE,C14-PEG2000,92.3,0.3,,,LNP_Atlas_DB_202509_v1 원본 606행 [수리됨],,,,,,,
10.1126/sciadv.aba1028,35:46.5:16:2.5,Custom lipid,96.7,,,mRNA,DOPE,C14-PEG2000,64.6,0.3,,,LNP_Atlas_DB_202509_v1 원본 607행 [수리됨],,,,,,,
10.1126/sciadv.aba1028,35:46.5:16:2.5,Custom lipid,97.5,,,mRNA,DOPE,C14-PEG2000,92.9,0.3,,,LNP_Atlas_DB_202509_v1 원본 608행 [수리됨],,,,,,,
10.1126/sciadv.aba1028,35:46.5:16:2.5,Custom lipid,84.6,,,mRNA,DOPE,C14-PEG2000,96.5,0.3,,,LNP_Atlas_DB_202509_v1 원본 609행 [수리됨],,,,,,,
10.1126/sciadv.aba1028,35:46.5:16:2.5,Custom lipid,87.9,,,mRNA,DOPE,C14-PEG2000,135.2,0.3,,,LNP_Atlas_DB_202509_v1 원본 610행 [수리됨],,,,,,,
10.1126/sciadv.aba1028,35:46.5:16:2.5,Custom lipid,89.8,,,mRNA,DOPE,C14-PEG2000,102.8,0.3,,,LNP_Atlas_DB_202509_v1 원본 611행 [수리됨],,,,,,,
10.1126/sciadv.aba1028,35:46.5:16:2.5,Custom lipid,81.3,,,mRNA,DOPE,C14-PEG2000,116,0.3,,,LNP_Atlas_DB_202509_v1 원본 612행 [수리됨],,,,,,,
10.1126/sciadv.aba1028,35:46.5:16:2.5,Custom lipid,86.3,,,mRNA,DOPE,C14-PEG2000,115.5,0.3,,,LNP_Atlas_DB_202509_v1 원본 613행 [수리됨],,,,,,,
10.1126/sciadv.aba1028,35:46.5:16:2.5,Custom lipid,86.2,,,mRNA,DOPE,C14-PEG2000,82.5,0.3,,,LNP_Atlas_DB_202509_v1 원본 614행 [수리됨],,,,,,,
10.1126/sciadv.aba1028,35:46.5:16:2.5,Custom lipid,96,,,mRNA,DOPE,C14-PEG2000,85.8,0.3,,,LNP_Atlas_DB_202509_v1 원본 615행 [수리됨],,,,,,,
10.1126/sciadv.aba1028,35:46.5:16:2.5,Custom lipid,95,,,mRNA,DOPE,C14-PEG2000,94.1,0.3,,,LNP_Atlas_DB_202509_v1 원본 616행 [수리됨],,,,,,,
10.1126/sciadv.aba1028,35:46.5:16:2.5,Custom lipid,96.1,,,mRNA,DOPE,C14-PEG2000,118.6,0.3,,,LNP_Atlas_DB_202509_v1 원본 617행 [수리됨],,,,,,,
10.1126/sciadv.aba1028,35:46.5:16:2.5,Custom lipid,74,,,mRNA,DOPE,C14-PEG2000,105.4,0.3,,,LNP_Atlas_DB_202509_v1 원본 618행 [수리됨],,,,,,,
10.1126/sciadv.aba1028,35:46.5:16:2.5,Custom lipid,92.6,,,mRNA,DOPE,C14-PEG2000,102.3,0.3,,,LNP_Atlas_DB_202509_v1 원본 619행 [수리됨],,,,,,,
10.1021/jacs.2c12893,35:16:46.5:2.5,Custom lipid,94.84,,,mRNA,DOPE,C14-PEG2000,106.97,0.1,,,LNP_Atlas_DB_202509_v1 원본 621행,,,,,,,
10.1021/jacs.2c12893,35:16:46.5:2.5,Custom lipid,89.74,,,mRNA,DOPE,C14-PEG2000,100.77,0.13,,,LNP_Atlas_DB_202509_v1 원본 622행,,,,,,,
10.1021/jacs.2c12893,35:16:46.5:2.5,Custom lipid,88.11,,,mRNA,DOPE,C14-PEG2000,97.96,0.11,,,LNP_Atlas_DB_202509_v1 원본 623행,,,,,,,
10.1021/jacs.2c12893,35:16:46.5:2.5,Custom lipid,94.86,,,mRNA,DOPE,C14-PEG2000,93.44,0.16,,,LNP_Atlas_DB_202509_v1 원본 624행,,,,,,,
10.1021/jacs.2c12893,35:16:46.5:2.5,Custom lipid,93.77,,,mRNA,DOPE,C14-PEG2000,116.6,0.19,,,LNP_Atlas_DB_202509_v1 원본 625행,,,,,,,
10.1021/jacs.2c12893,35:16:46.5:2.5,Custom lipid,75.34,,,mRNA,DOPE,C14-PEG2000,114.57,0.13,,,LNP_Atlas_DB_202509_v1 원본 626행,,,,,,,
10.1021/jacs.2c12893,35:16:46.5:2.5,Custom lipid,86.34,,,mRNA,DOPE,C14-PEG2000,96.88,0.12,,,LNP_Atlas_DB_202509_v1 원본 627행,,,,,,,
10.1021/jacs.2c12893,35:16:46.5:2.5,Custom lipid,84.45,,,mRNA,DOPE,C14-PEG2000,94.61,0.12,,,LNP_Atlas_DB_202509_v1 원본 628행,,,,,,,
10.1021/jacs.2c12893,35:16:46.5:2.5,Custom lipid,77.28,,,mRNA,DOPE,C14-PEG2000,101.1,0.14,,,LNP_Atlas_DB_202509_v1 원본 629행,,,,,,,
10.1016/j.omtn.2019.01.013,50:10:38.5:1.5,DLin-MC3-DMA,69,,,mRNA,DSPC,PEG-lipid,50,,,CCCCC/C=C\C/C=C\CCCCCCCCC(OC(=O)CCCN(C)C)CCCCCCCC/C=C\C/C=C\CCCCC,LNP_Atlas_DB_202509_v1 원본 62행,,,,,,,
10.1021/jacs.2c12893,35:16:46.5:2.5,Custom lipid,93.77,,,mRNA,DOPE,C14-PEG2000,120.03,0.2,,,LNP_Atlas_DB_202509_v1 원본 630행,,,,,,,
10.1021/jacs.2c12893,35:16:46.5:2.5,Custom lipid,74.39,,,mRNA,DOPE,C14-PEG2000,101.8,0.14,,,LNP_Atlas_DB_202509_v1 원본 631행,,,,,,,
10.1021/jacs.2c12893,35:16:46.5:2.5,Custom lipid,73.75,,,mRNA,DOPE,C14-PEG2000,102.97,0.13,,,LNP_Atlas_DB_202509_v1 원본 632행,,,,,,,
10.1021/jacs.2c12893,35:16:46.5:2.5,Custom lipid,71.51,,,mRNA,DOPE,C14-PEG2000,129.77,0.24,,,LNP_Atlas_DB_202509_v1 원본 633행,,,,,,,
10.1021/jacs.2c12893,35:16:46.5:2.5,C12-200,88.31,,,mRNA,DOPE,C14-PEG2000,82.11,0.11,,NCCN1CCN(CCN(CC(O)CCCCCCCCCCCC)CC(O)CCCCCCCCCCCC)CC1CN(CC(O)CCCCCCCCCCCC)CN(CC(O)CCCCCCCCCCCC)CC(O)CCCCCCCCCCCC,LNP_Atlas_DB_202509_v1 원본 634행,,,,,,,
10.1021/jacs.2c12893,50:10:38.5:1.5,DLin-MC3-DMA,89.45,,,mRNA,DSPC,DMG-PEG2000,92.32,0.09,,CCCCC/C=C\C/C=C\CCCCCCCCC(OC(=O)CCCN(C)C)CCCCCCCC/C=C\C/C=C\CCCCC,LNP_Atlas_DB_202509_v1 원본 635행,,,,,,,
10.1016/j.omtn.2019.01.013,50:10:38.5:1.5,DOTAP,69,,,mRNA,DSPC,PEG-lipid,50,,,CCCCCCCC/C=C\CCCCCCCC(=O)OCC(C[N+](C)(C)C)OC(=O)CCCCCCC/C=C\CCCCCCCC,LNP_Atlas_DB_202509_v1 원본 63행,,,,,,,
10.1016/j.jpha.2024.100996,46.3:9.4:41.8:2.5,DOTAP,93.176,,,mRNA,DOPE,DSG-PEG2000,66.55,0.12,1.34,CCCCCCCC/C=C\CCCCCCCC(=O)OCC(C[N+](C)(C)C)OC(=O)CCCCCCC/C=C\CCCCCCCC,LNP_Atlas_DB_202509_v1 원본 640행,,,,,,,
10.1016/j.jpha.2024.100996,46.3:9.4:42.7:1.6,DOTAP,92.391,,,mRNA,DSPE,DMG,78.57,0.107,1.97,CCCCCCCC/C=C\CCCCCCCC(=O)OCC(C[N+](C)(C)C)OC(=O)CCCCCCC/C=C\CCCCCCCC,LNP_Atlas_DB_202509_v1 원본 641행,,,,,,,
10.1016/j.jpha.2024.100996,50:10:38.4:1.6,DOTAP,96.439,,,mRNA,DMPC,DPPE-PEG2000,96.95,0.071,2.33,CCCCCCCC/C=C\CCCCCCCC(=O)OCC(C[N+](C)(C)C)OC(=O)CCCCCCC/C=C\CCCCCCCC,LNP_Atlas_DB_202509_v1 원본 642행,,,,,,,
10.1016/j.jpha.2024.100996,50:10:38.5:1.5,DOTAP,95.558,,,mRNA,DOPC,C16-Ceramide-PEG2000,94.42,0.069,3.09,CCCCCCCC/C=C\CCCCCCCC(=O)OCC(C[N+](C)(C)C)OC(=O)CCCCCCC/C=C\CCCCCCCC,LNP_Atlas_DB_202509_v1 원본 643행,,,,,,,
10.1016/j.jpha.2024.100996,50:10:38.4:1.6,DOTAP,91.141,,,mRNA,DSPC,C16-Ceramide-PEG2000,92.45,0.099,3.26,CCCCCCCC/C=C\CCCCCCCC(=O)OCC(C[N+](C)(C)C)OC(=O)CCCCCCC/C=C\CCCCCCCC,LNP_Atlas_DB_202509_v1 원본 644행,,,,,,,
10.1016/j.jpha.2024.100996,50:10:38.4:1.6,DOTMA,93.162,,,mRNA,DLPE,DMG,75.26,0.212,0.43,CCCCCCCC/C=C\CCCCCCCCOCC(C[N+](C)(C)C)OCCCCCCCC/C=C\CCCCCCCC.[Cl-],LNP_Atlas_DB_202509_v1 원본 645행,,,,,,,
10.1016/j.jpha.2024.100996,50:10:38.5:1.5,DOTMA,91.161,,,mRNA,DOPE,DPPE-PEG2000,77.76,0.208,0.87,CCCCCCCC/C=C\CCCCCCCCOCC(C[N+](C)(C)C)OCCCCCCCC/C=C\CCCCCCCC.[Cl-],LNP_Atlas_DB_202509_v1 원본 646행,,,,,,,
10.1016/j.jpha.2024.100996,50:10:38.4:1.6,DOTMA,92.526,,,mRNA,DSPE,DPPE-PEG2000,78.82,0.178,0.96,CCCCCCCC/C=C\CCCCCCCCOCC(C[N+](C)(C)C)OCCCCCCCC/C=C\CCCCCCCC.[Cl-],LNP_Atlas_DB_202509_v1 원본 647행,,,,,,,
10.1016/j.jpha.2024.100996,50:10:38.5:1.5,DOTMA,92.043,,,mRNA,DMPC,DSG-PEG2000,82.88,0.258,2.09,CCCCCCCC/C=C\CCCCCCCCOCC(C[N+](C)(C)C)OCCCCCCCC/C=C\CCCCCCCC.[Cl-],LNP_Atlas_DB_202509_v1 원본 648행,,,,,,,
10.1016/j.jpha.2024.100996,46.3:9.4:42.7:1.6,DOTMA,90.146,,,mRNA,DOPC,DSG-PEG2000,69.44,0.222,0.8,CCCCCCCC/C=C\CCCCCCCCOCC(C[N+](C)(C)C)OCCCCCCCC/C=C\CCCCCCCC.[Cl-],LNP_Atlas_DB_202509_v1 원본 649행,,,,,,,
10.1016/j.omtn.2019.01.013,50:10:38.5:1.5,Custom lipid,72,,,mRNA,DSPC,PEG-lipid,66,,,,LNP_Atlas_DB_202509_v1 원본 64행,,,,,,,
10.1016/j.jpha.2024.100996,50:10:37.5:2.5,DOTMA,92.571,,,mRNA,DSPC,C16-Ceramide-PEG2000,82.11,0.233,1.74,CCCCCCCC/C=C\CCCCCCCCOCC(C[N+](C)(C)C)OCCCCCCCC/C=C\CCCCCCCC.[Cl-],LNP_Atlas_DB_202509_v1 원본 650행,,,,,,,
10.1016/j.jpha.2024.100996,46.3:9.4:41.8:2.5,DODAP,91.816,,,mRNA,DLPE,DPPE-PEG2000,51.13,0.087,0.47,CCCCCCCC/C=C\CCCCCCCC(=O)OCC(COC(=O)CCCCCCC/C=C\CCCCCCCC)CN(C)C,LNP_Atlas_DB_202509_v1 원본 651행,,,,,,,
10.1016/j.jpha.2024.100996,46.3:9.4:42.7:1.6,DODAP,93.363,,,mRNA,DOPE,DMG,50.99,0.073,0.97,CCCCCCCC/C=C\CCCCCCCC(=O)OCC(COC(=O)CCCCCCC/C=C\CCCCCCCC)CN(C)C,LNP_Atlas_DB_202509_v1 원본 652행,,,,,,,
10.1016/j.jpha.2024.100996,50:10:38.5:1.5,DODAP,91.361,,,mRNA,DSPE,C16-Ceramide-PEG2000,51.89,0.067,0.64,CCCCCCCC/C=C\CCCCCCCC(=O)OCC(COC(=O)CCCCCCC/C=C\CCCCCCCC)CN(C)C,LNP_Atlas_DB_202509_v1 원본 653행,,,,,,,
10.1016/j.jpha.2024.100996,50:10:37.5:2.5,DODAP,90.261,,,mRNA,DMPC,DMG,57.25,0.203,0.61,CCCCCCCC/C=C\CCCCCCCC(=O)OCC(COC(=O)CCCCCCC/C=C\CCCCCCCC)CN(C)C,LNP_Atlas_DB_202509_v1 원본 654행,,,,,,,
10.1016/j.jpha.2024.100996,50:10:37.5:2.5,DODAP,93.491,,,mRNA,DOPC,DMG,57,0.211,0.59,CCCCCCCC/C=C\CCCCCCCC(=O)OCC(COC(=O)CCCCCCC/C=C\CCCCCCCC)CN(C)C,LNP_Atlas_DB_202509_v1 원본 655행,,,,,,,
10.1016/j.jpha.2024.100996,50:10:38.4:1.6,DODAP,90.138,,,mRNA,DSPC,DSG-PEG2000,57.13,0.198,1,CCCCCCCC/C=C\CCCCCCCC(=O)OCC(COC(=O)CCCCCCC/C=C\CCCCCCCC)CN(C)C,LNP_Atlas_DB_202509_v1 원본 656행,,,,,,,
10.1016/j.jpha.2024.100996,50:10:38.4:1.6,DLin-MC3-DMA,79.216,,,mRNA,DLPE,DSG-PEG2000,55.88,0.32,0.84,CCCCC/C=C\C/C=C\CCCCCCCCC(OC(=O)CCCN(C)C)CCCCCCCC/C=C\C/C=C\CCCCC,LNP_Atlas_DB_202509_v1 원본 657행,,,,,,,
10.1016/j.jpha.2024.100996,50:10:37.5:2.5,DLin-MC3-DMA,74.532,,,mRNA,DOPE,C16-Ceramide-PEG2000,57.44,0.374,0.16,CCCCC/C=C\C/C=C\CCCCCCCCC(OC(=O)CCCN(C)C)CCCCCCCC/C=C\C/C=C\CCCCC,LNP_Atlas_DB_202509_v1 원본 658행,,,,,,,
10.1016/j.jpha.2024.100996,50:10:37.5:2.5,DLin-MC3-DMA,84.168,,,mRNA,DSPE,DSG-PEG2000,56.43,0.331,1.12,CCCCC/C=C\C/C=C\CCCCCCCCC(OC(=O)CCCN(C)C)CCCCCCCC/C=C\C/C=C\CCCCC,LNP_Atlas_DB_202509_v1 원본 659행,,,,,,,
10.1016/j.omtn.2019.01.013,50:10:38.5:1.5,Custom lipid,72,,,mRNA,DSPC,PEG-lipid,66,,,,LNP_Atlas_DB_202509_v1 원본 65행,,,,,,,
10.1016/j.jpha.2024.100996,46.3:9.4:42.7:1.6,DLin-MC3-DMA,75.923,,,mRNA,DMPC,C16-Ceramide-PEG2000,51.82,0.149,0.86,CCCCC/C=C\C/C=C\CCCCCCCCC(OC(=O)CCCN(C)C)CCCCCCCC/C=C\C/C=C\CCCCC,LNP_Atlas_DB_202509_v1 원본 660행,,,,,,,
10.1016/j.jpha.2024.100996,50:10:38.4:1.6,DLin-MC3-DMA,80.542,,,mRNA,DOPC,DPPE-PEG2000,56.13,0.156,0.84,CCCCC/C=C\C/C=C\CCCCCCCCC(OC(=O)CCCN(C)C)CCCCCCCC/C=C\C/C=C\CCCCC,LNP_Atlas_DB_202509_v1 원본 661행,,,,,,,
10.1016/j.jpha.2024.100996,46.3:8.4:42.8:2.5,DLin-MC3-DMA,77.349,,,mRNA,DSPC,DPPE-PEG2000,51.08,0.146,0.16,CCCCC/C=C\C/C=C\CCCCCCCCC(OC(=O)CCCN(C)C)CCCCCCCC/C=C\C/C=C\CCCCC,LNP_Atlas_DB_202509_v1 원본 662행,,,,,,,
10.1016/j.jpha.2024.100996,50:10:38.5:1.5,DLin-MC3-DMA,85.416,,,mRNA,DSPC,DMG,54.7,0.09,1.12,CCCCC/C=C\C/C=C\CCCCCCCCC(OC(=O)CCCN(C)C)CCCCCCCC/C=C\C/C=C\CCCCC,LNP_Atlas_DB_202509_v1 원본 663행,,,,,,,
10.1016/j.omtn.2019.01.013,50:10:38.5:1.5,Custom lipid,72,,,mRNA,DSPC,PEG-lipid,66,,,,LNP_Atlas_DB_202509_v1 원본 66행,,,,,,,
10.1016/j.omtn.2019.01.013,50:10:38.5:1.5,Custom lipid,72,,,mRNA,DSPC,PEG-lipid,66,,,,LNP_Atlas_DB_202509_v1 원본 67행,,,,,,,
10.1021/acs.jpcb.5b02891,50:11.5:37.5:1,DLin-KC2-DMA,90,,,siRNA,DSPC,PEG-c-DMA,48,,,CCCCC/C=C\C/C=C\CCCCCCCCC1(OC(CO1)CCN(C)C)CCCCCCCC/C=C\C/C=C\CCCCC,LNP_Atlas_DB_202509_v1 원본 687행 [수리됨],,,,,,,
10.1021/acs.jpcb.5b02891,50:11.5:37.5:1,DLin-KC2-DMA,87,,,siRNA,DOPE,PEG-c-DMA,31,,,CCCCC/C=C\C/C=C\CCCCCCCCC1(OC(CO1)CCN(C)C)CCCCCCCC/C=C\C/C=C\CCCCC,LNP_Atlas_DB_202509_v1 원본 688행 [수리됨],,,,,,,
10.1021/acs.jpcb.5b02891,50:11.5:35:2.5,DLin-KC2-DMA,88,,,siRNA,DSPC,PEG-c-DMA,32,,,CCCCC/C=C\C/C=C\CCCCCCCCC1(OC(CO1)CCN(C)C)CCCCCCCC/C=C\C/C=C\CCCCC,LNP_Atlas_DB_202509_v1 원본 689행 [수리됨],,,,,,,
10.1016/j.omtn.2019.01.013,50:10:38.5:1.5,Custom lipid,72,,,mRNA,DSPC,PEG-lipid,66,,,,LNP_Atlas_DB_202509_v1 원본 68행,,,,,,,
10.1021/acs.jpcb.5b02891,50:11.5:35:2.5,DLin-KC2-DMA,87,,,siRNA,DOPE,PEG-c-DMA,30,,,CCCCC/C=C\C/C=C\CCCCCCCCC1(OC(CO1)CCN(C)C)CCCCCCCC/C=C\C/C=C\CCCCC,LNP_Atlas_DB_202509_v1 원본 690행 [수리됨],,,,,,,
10.1021/acs.jpcb.5b02891,50:5:33.5:11.5,DLin-KC2-DMA,84,,,siRNA,DSPC,PEG-c-DMA,27,,,CCCCC/C=C\C/C=C\CCCCCCCCC1(OC(CO1)CCN(C)C)CCCCCCCC/C=C\C/C=C\CCCCC,LNP_Atlas_DB_202509_v1 원본 691행,,,,,,,
10.1021/acs.jpcb.5b02891,50:5:33.5:11.5,DLin-KC2-DMA,84,,,siRNA,DOPE,PEG-c-DMA,26,,,CCCCC/C=C\C/C=C\CCCCCCCCC1(OC(CO1)CCN(C)C)CCCCCCCC/C=C\C/C=C\CCCCC,LNP_Atlas_DB_202509_v1 원본 692행,,,,,,,
10.1021/acs.jpcb.5b02891,60:11.5:27.5:1,DLin-KC2-DMA,92,,,siRNA,DSPC,PEG-c-DMA,58,,,CCCCC/C=C\C/C=C\CCCCCCCCC1(OC(CO1)CCN(C)C)CCCCCCCC/C=C\C/C=C\CCCCC,LNP_Atlas_DB_202509_v1 원본 693행 [수리됨],,,,,,,
10.1021/acs.jpcb.5b02891,60:11.5:27.5:1,DLin-KC2-DMA,91,,,siRNA,DOPE,PEG-c-DMA,39,,,CCCCC/C=C\C/C=C\CCCCCCCCC1(OC(CO1)CCN(C)C)CCCCCCCC/C=C\C/C=C\CCCCC,LNP_Atlas_DB_202509_v1 원본 694행 [수리됨],,,,,,,
10.1021/acs.jpcb.5b02891,60:11.5:25:2.5,DLin-KC2-DMA,85,,,siRNA,DSPC,PEG-c-DMA,37,,,CCCCC/C=C\C/C=C\CCCCCCCCC1(OC(CO1)CCN(C)C)CCCCCCCC/C=C\C/C=C\CCCCC,LNP_Atlas_DB_202509_v1 원본 695행 [수리됨],,,,,,,
10.1021/acs.jpcb.5b02891,60:11.5:25:2.5,DLin-KC2-DMA,82,,,siRNA,DOPE,PEG-c-DMA,35,,,CCCCC/C=C\C/C=C\CCCCCCCCC1(OC(CO1)CCN(C)C)CCCCCCCC/C=C\C/C=C\CCCCC,LNP_Atlas_DB_202509_v1 원본 696행 [수리됨],,,,,,,
10.1021/acs.jpcb.5b02891,60:5:23.5:11.5,DLin-KC2-DMA,65,,,siRNA,DSPC,PEG-c-DMA,29,,,CCCCC/C=C\C/C=C\CCCCCCCCC1(OC(CO1)CCN(C)C)CCCCCCCC/C=C\C/C=C\CCCCC,LNP_Atlas_DB_202509_v1 원본 697행,,,,,,,
10.1021/acs.jpcb.5b02891,60:5:23.5:11.5,DLin-KC2-DMA,80,,,siRNA,DOPE,PEG-c-DMA,30,,,CCCCC/C=C\C/C=C\CCCCCCCCC1(OC(CO1)CCN(C)C)CCCCCCCC/C=C\C/C=C\CCCCC,LNP_Atlas_DB_202509_v1 원본 698행,,,,,,,
10.1021/acs.jpcb.5b02891,70:11.5:17.5:1,DLin-KC2-DMA,92,,,siRNA,DSPC,PEG-c-DMA,81,,,CCCCC/C=C\C/C=C\CCCCCCCCC1(OC(CO1)CCN(C)C)CCCCCCCC/C=C\C/C=C\CCCCC,LNP_Atlas_DB_202509_v1 원본 699행 [수리됨],,,,,,,
10.1021/acs.nanolett.5b02497,50:10:38.5:1.5,C12-200,24,,,mRNA,DSPC,C14-PEG2000,152,0.102,25.4,NCCN1CCN(CCN(CC(O)CCCCCCCCCCCC)CC(O)CCCCCCCCCCCC)CC1CN(CC(O)CCCCCCCCCCCC)CN(CC(O)CCCCCCCCCCCC)CC(O)CCCCCCCCCCCC,LNP_Atlas_DB_202509_v1 원본 69행 [수리됨],,,,,,,
10.1021/acs.jpcb.5b02891,70:11.5:17.5:1,DLin-KC2-DMA,75,,,siRNA,DOPE,PEG-c-DMA,48,,,CCCCC/C=C\C/C=C\CCCCCCCCC1(OC(CO1)CCN(C)C)CCCCCCCC/C=C\C/C=C\CCCCC,LNP_Atlas_DB_202509_v1 원본 700행 [수리됨],,,,,,,
10.1021/acs.jpcb.5b02891,70:11.5:15:2.5,DLin-KC2-DMA,68,,,siRNA,DSPC,PEG-c-DMA,44,,,CCCCC/C=C\C/C=C\CCCCCCCCC1(OC(CO1)CCN(C)C)CCCCCCCC/C=C\C/C=C\CCCCC,LNP_Atlas_DB_202509_v1 원본 701행 [수리됨],,,,,,,
10.1021/acs.jpcb.5b02891,70:11.5:15:2.5,DLin-KC2-DMA,77,,,siRNA,DOPE,PEG-c-DMA,42,,,CCCCC/C=C\C/C=C\CCCCCCCCC1(OC(CO1)CCN(C)C)CCCCCCCC/C=C\C/C=C\CCCCC,LNP_Atlas_DB_202509_v1 원본 702행 [수리됨],,,,,,,
10.1021/acs.jpcb.5b02891,70:5:13.5:11.5,DLin-KC2-DMA,32,,,siRNA,DSPC,PEG-c-DMA,32,,,CCCCC/C=C\C/C=C\CCCCCCCCC1(OC(CO1)CCN(C)C)CCCCCCCC/C=C\C/C=C\CCCCC,LNP_Atlas_DB_202509_v1 원본 703행,,,,,,,
10.1021/acs.jpcb.5b02891,70:5:13.5:11.5,DLin-KC2-DMA,75,,,siRNA,DOPE,PEG-c-DMA,32,,,CCCCC/C=C\C/C=C\CCCCCCCCC1(OC(CO1)CCN(C)C)CCCCCCCC/C=C\C/C=C\CCCCC,LNP_Atlas_DB_202509_v1 원본 704행,,,,,,,
10.1021/acs.jpcb.5b02891,80:11.5:7.5:1,DLin-KC2-DMA,60,,,siRNA,DSPC,PEG-c-DMA,101,,,CCCCC/C=C\C/C=C\CCCCCCCCC1(OC(CO1)CCN(C)C)CCCCCCCC/C=C\C/C=C\CCCCC,LNP_Atlas_DB_202509_v1 원본 705행 [수리됨],,,,,,,
10.1021/acs.jpcb.5b02891,80:11.5:7.5:1,DLin-KC2-DMA,20,,,siRNA,DOPE,PEG-c-DMA,54,,,CCCCC/C=C\C/C=C\CCCCCCCCC1(OC(CO1)CCN(C)C)CCCCCCCC/C=C\C/C=C\CCCCC,LNP_Atlas_DB_202509_v1 원본 706행 [수리됨],,,,,,,
10.1021/acs.jpcb.5b02891,80:11.5:6:2.5,DLin-KC2-DMA,20,,,siRNA,DSPC,PEG-c-DMA,53,,,CCCCC/C=C\C/C=C\CCCCCCCCC1(OC(CO1)CCN(C)C)CCCCCCCC/C=C\C/C=C\CCCCC,LNP_Atlas_DB_202509_v1 원본 707행 [수리됨],,,,,,,
10.1021/acs.jpcb.5b02891,80:11.5:6:2.5,DLin-KC2-DMA,33,,,siRNA,DOPE,PEG-c-DMA,49,,,CCCCC/C=C\C/C=C\CCCCCCCCC1(OC(CO1)CCN(C)C)CCCCCCCC/C=C\C/C=C\CCCCC,LNP_Atlas_DB_202509_v1 원본 708행 [수리됨],,,,,,,
10.1021/acs.jpcb.5b02891,80:5:3.5:11.5,DLin-KC2-DMA,0,,,siRNA,DSPC,PEG-c-DMA,33,,,CCCCC/C=C\C/C=C\CCCCCCCCC1(OC(CO1)CCN(C)C)CCCCCCCC/C=C\C/C=C\CCCCC,LNP_Atlas_DB_202509_v1 원본 709행,,,,,,,
10.1021/acs.nanolett.5b02497,60:2.5:33.5:4,C12-200,5,,,mRNA,DOPE,C14-PEG2000,111,0.182,,NCCN1CCN(CCN(CC(O)CCCCCCCCCCCC)CC(O)CCCCCCCCCCCC)CC1CN(CC(O)CCCCCCCCCCCC)CN(CC(O)CCCCCCCCCCCC)CC(O)CCCCCCCCCCCC,LNP_Atlas_DB_202509_v1 원본 70행 [수리됨],,,,,,,
10.1021/acs.jpcb.5b02891,80:5:3.5:11.5,DLin-KC2-DMA,0,,,siRNA,DOPE,PEG-c-DMA,32,,,CCCCC/C=C\C/C=C\CCCCCCCCC1(OC(CO1)CCN(C)C)CCCCCCCC/C=C\C/C=C\CCCCC,LNP_Atlas_DB_202509_v1 원본 710행,,,,,,,
10.1021/acs.jpcb.5b02891,50:11.5:37.5:1,DLin-KC2-DMA,82,,,DNA,DSPC,PEG-c-DMA,90,,,CCCCC/C=C\C/C=C\CCCCCCCCC1(OC(CO1)CCN(C)C)CCCCCCCC/C=C\C/C=C\CCCCC,LNP_Atlas_DB_202509_v1 원본 711행 [수리됨],,,,,,,
10.1021/acs.jpcb.5b02891,50:11.5:37.5:1,DLin-KC2-DMA,74,,,DNA,DOPE,PEG-c-DMA,100,,,CCCCC/C=C\C/C=C\CCCCCCCCC1(OC(CO1)CCN(C)C)CCCCCCCC/C=C\C/C=C\CCCCC,LNP_Atlas_DB_202509_v1 원본 712행 [수리됨],,,,,,,
10.1021/acs.jpcb.5b02891,80:11.5:7.5:1,DLin-KC2-DMA,8,,,DNA,DSPC,PEG-c-DMA,95,,,CCCCC/C=C\C/C=C\CCCCCCCCC1(OC(CO1)CCN(C)C)CCCCCCCC/C=C\C/C=C\CCCCC,LNP_Atlas_DB_202509_v1 원본 713행 [수리됨],,,,,,,
10.1021/acs.jpcb.5b02891,80:11.5:7.5:1,DLin-KC2-DMA,37,,,DNA,DOPE,PEG-c-DMA,42,,,CCCCC/C=C\C/C=C\CCCCCCCCC1(OC(CO1)CCN(C)C)CCCCCCCC/C=C\C/C=C\CCCCC,LNP_Atlas_DB_202509_v1 원본 714행 [수리됨],,,,,,,
10.1021/acs.jpcb.5b02891,50:11.5:37.5:1,DLin-KC2-DMA,95,,,mRNA,DSPC,PEG-c-DMA,180,,,CCCCC/C=C\C/C=C\CCCCCCCCC1(OC(CO1)CCN(C)C)CCCCCCCC/C=C\C/C=C\CCCCC,LNP_Atlas_DB_202509_v1 원본 715행 [수리됨],,,,,,,
10.1021/acs.jpcb.5b02891,50:11.5:37.5:1,DLin-KC2-DMA,97,,,mRNA,DOPE,PEG-c-DMA,160,,,CCCCC/C=C\C/C=C\CCCCCCCCC1(OC(CO1)CCN(C)C)CCCCCCCC/C=C\C/C=C\CCCCC,LNP_Atlas_DB_202509_v1 원본 716행 [수리됨],,,,,,,
10.1021/acs.jpcb.5b02891,80:11.5:7.5:1,DLin-KC2-DMA,47,,,mRNA,DSPC,PEG-c-DMA,180,,,CCCCC/C=C\C/C=C\CCCCCCCCC1(OC(CO1)CCN(C)C)CCCCCCCC/C=C\C/C=C\CCCCC,LNP_Atlas_DB_202509_v1 원본 717행 [수리됨],,,,,,,
10.1021/acs.jpcb.5b02891,80:11.5:7.5:1,DLin-KC2-DMA,52,,,mRNA,DOPE,PEG-c-DMA,160,,,CCCCC/C=C\C/C=C\CCCCCCCCC1(OC(CO1)CCN(C)C)CCCCCCCC/C=C\C/C=C\CCCCC,LNP_Atlas_DB_202509_v1 원본 718행 [수리됨],,,,,,,
10.1021/acs.nanolett.5b02497,40:16:42.5:1.5,C12-200,56,,,mRNA,DOPE,C14-PEG2000,122,0.121,,NCCN1CCN(CCN(CC(O)CCCCCCCCCCCC)CC(O)CCCCCCCCCCCC)CC1CN(CC(O)CCCCCCCCCCCC)CN(CC(O)CCCCCCCCCCCC)CC(O)CCCCCCCCCCCC,LNP_Atlas_DB_202509_v1 원본 71행 [수리됨],,,,,,,
10.1021/acs.jpcb.5b02891,50:11.5:37.5:1,DLin-KC2-DMA,95,,,siRNA,DSPC,PEG-c-DMA,46.2,,,CCCCC/C=C\C/C=C\CCCCCCCCC1(OC(CO1)CCN(C)C)CCCCCCCC/C=C\C/C=C\CCCCC,LNP_Atlas_DB_202509_v1 원본 725행 [수리됨],,,,,,,
10.1021/acs.jpcb.5b02891,70:11.5:17.5:1,DLin-KC2-DMA,85,,,siRNA,DSPC,PEG-c-DMA,,,,CCCCC/C=C\C/C=C\CCCCCCCCC1(OC(CO1)CCN(C)C)CCCCCCCC/C=C\C/C=C\CCCCC,LNP_Atlas_DB_202509_v1 원본 726행 [수리됨],,,,,,,
10.1021/acs.jpcb.5b02891,80:11.5:7.5:1,DLin-KC2-DMA,20,,,siRNA,DSPC,PEG-c-DMA,,,,CCCCC/C=C\C/C=C\CCCCCCCCC1(OC(CO1)CCN(C)C)CCCCCCCC/C=C\C/C=C\CCCCC,LNP_Atlas_DB_202509_v1 원본 727행 [수리됨],,,,,,,
10.1021/acs.jpcb.5b02891,50:11.5:37.5:1,DLin-KC2-DMA,80,,,siRNA,DOPE,PEG-c-DMA,31.1,,,CCCCC/C=C\C/C=C\CCCCCCCCC1(OC(CO1)CCN(C)C)CCCCCCCC/C=C\C/C=C\CCCCC,LNP_Atlas_DB_202509_v1 원본 728행 [수리됨],,,,,,,
10.1021/acs.jpcb.5b02891,70:11.5:17.5:1,DLin-KC2-DMA,90,,,siRNA,DOPE,PEG-c-DMA,,,,CCCCC/C=C\C/C=C\CCCCCCCCC1(OC(CO1)CCN(C)C)CCCCCCCC/C=C\C/C=C\CCCCC,LNP_Atlas_DB_202509_v1 원본 729행 [수리됨],,,,,,,
10.1021/acs.nanolett.5b02497,54.5455:14.5455:28.6364:2.27273,C12-200,4,,,mRNA,DOPC,C14-PEG2000,135,0.341,,NCCN1CCN(CCN(CC(O)CCCCCCCCCCCC)CC(O)CCCCCCCCCCCC)CC1CN(CC(O)CCCCCCCCCCCC)CN(CC(O)CCCCCCCCCCCC)CC(O)CCCCCCCCCCCC,LNP_Atlas_DB_202509_v1 원본 72행 [수리됨],,,,,,,
10.1021/acs.jpcb.5b02891,80:11.5:7.5:1,DLin-KC2-DMA,100,,,siRNA,DOPE,PEG-c-DMA,26.9,,,CCCCC/C=C\C/C=C\CCCCCCCCC1(OC(CO1)CCN(C)C)CCCCCCCC/C=C\C/C=C\CCCCC,LNP_Atlas_DB_202509_v1 원본 730행 [수리됨],,,,,,,
10.1021/acs.jpcb.5b02891,50:11.5:37.5:1,DLin-KC2-DMA,80,,,DNA,DSPC,PEG-c-DMA,85,,,CCCCC/C=C\C/C=C\CCCCCCCCC1(OC(CO1)CCN(C)C)CCCCCCCC/C=C\C/C=C\CCCCC,LNP_Atlas_DB_202509_v1 원본 731행 [수리됨],,,,,,,
10.1021/acs.jpcb.5b02891,80:11.5:7.5:1,DLin-KC2-DMA,10,,,DNA,DSPC,PEG-c-DMA,95,,,CCCCC/C=C\C/C=C\CCCCCCCCC1(OC(CO1)CCN(C)C)CCCCCCCC/C=C\C/C=C\CCCCC,LNP_Atlas_DB_202509_v1 원본 732행 [수리됨],,,,,,,
10.1021/acs.jpcb.5b02891,50:11.5:37.5:1,DLin-KC2-DMA,75,,,DNA,DOPE,PEG-c-DMA,100,,,CCCCC/C=C\C/C=C\CCCCCCCCC1(OC(CO1)CCN(C)C)CCCCCCCC/C=C\C/C=C\CCCCC,LNP_Atlas_DB_202509_v1 원본 733행 [수리됨],,,,,,,
10.1021/acs.jpcb.5b02891,80:11.5:7.5:1,DLin-KC2-DMA,50,,,DNA,DOPE,PEG-c-DMA,140,,,CCCCC/C=C\C/C=C\CCCCCCCCC1(OC(CO1)CCN(C)C)CCCCCCCC/C=C\C/C=C\CCCCC,LNP_Atlas_DB_202509_v1 원본 734행 [수리됨],,,,,,,
10.1021/acs.jpcb.5b02891,50:11.5:37.5:1,DLin-KC2-DMA,95,,,mRNA,DSPC,PEG-c-DMA,50,,,CCCCC/C=C\C/C=C\CCCCCCCCC1(OC(CO1)CCN(C)C)CCCCCCCC/C=C\C/C=C\CCCCC,LNP_Atlas_DB_202509_v1 원본 735행 [수리됨],,,,,,,
10.1021/acs.jpcb.5b02891,80:11.5:7.5:1,DLin-KC2-DMA,45,,,mRNA,DSPC,PEG-c-DMA,65,,,CCCCC/C=C\C/C=C\CCCCCCCCC1(OC(CO1)CCN(C)C)CCCCCCCC/C=C\C/C=C\CCCCC,LNP_Atlas_DB_202509_v1 원본 736행 [수리됨],,,,,,,
10.1021/acs.jpcb.5b02891,50:11.5:37.5:1,DLin-KC2-DMA,95,,,mRNA,DOPE,PEG-c-DMA,95,,,CCCCC/C=C\C/C=C\CCCCCCCCC1(OC(CO1)CCN(C)C)CCCCCCCC/C=C\C/C=C\CCCCC,LNP_Atlas_DB_202509_v1 원본 737행 [수리됨],,,,,,,
10.1021/acs.jpcb.5b02891,80:11.5:7.5:1,DLin-KC2-DMA,50,,,mRNA,DOPE,PEG-c-DMA,40,,,CCCCC/C=C\C/C=C\CCCCCCCCC1(OC(CO1)CCN(C)C)CCCCCCCC/C=C\C/C=C\CCCCC,LNP_Atlas_DB_202509_v1 원본 738행 [수리됨],,,,,,,
10.1021/acs.nanolett.5b02497,60:10:29.5:0.5,C12-200,2,,,mRNA,DOPE,C14-PEG2000,275,0.173,,NCCN1CCN(CCN(CC(O)CCCCCCCCCCCC)CC(O)CCCCCCCCCCCC)CC1CN(CC(O)CCCCCCCCCCCC)CN(CC(O)CCCCCCCCCCCC)CC(O)CCCCCCCCCCCC,LNP_Atlas_DB_202509_v1 원본 74행 [수리됨],,,,,,,
10.1039/c9nr09347h,94:1:2.5:2.5,DLin-KC2-DMA,40,,,siRNA,DSPC,DSPE-PEG2000,190,,,CCCCC/C=C\C/C=C\CCCCCCCCC1(OC(CO1)CCN(C)C)CCCCCCCC/C=C\C/C=C\CCCCC,LNP_Atlas_DB_202509_v1 원본 750행 [수리됨],,,,,,,
10.1039/c9nr09347h,79:10:10:1,DLin-KC2-DMA,75,,,siRNA,DSPC,DSPE-PEG2000,175,,,CCCCC/C=C\C/C=C\CCCCCCCCC1(OC(CO1)CCN(C)C)CCCCCCCC/C=C\C/C=C\CCCCC,LNP_Atlas_DB_202509_v1 원본 751행 [수리됨],,,,,,,
10.1039/c9nr09347h,59:20:20:1,DLin-KC2-DMA,78,,,siRNA,DSPC,DSPE-PEG2000,125,,,CCCCC/C=C\C/C=C\CCCCCCCCC1(OC(CO1)CCN(C)C)CCCCCCCC/C=C\C/C=C\CCCCC,LNP_Atlas_DB_202509_v1 원본 752행 [수리됨],,,,,,,
10.1039/c9nr09347h,39:30:30:1,DLin-KC2-DMA,80,,,siRNA,DSPC,DSPE-PEG2000,78,,,CCCCC/C=C\C/C=C\CCCCCCCCC1(OC(CO1)CCN(C)C)CCCCCCCC/C=C\C/C=C\CCCCC,LNP_Atlas_DB_202509_v1 원본 753행 [수리됨],,,,,,,
10.1039/c9nr09347h,19:40:40:1,DLin-KC2-DMA,79,,,siRNA,DSPC,DSPE-PEG2000,65,,,CCCCC/C=C\C/C=C\CCCCCCCCC1(OC(CO1)CCN(C)C)CCCCCCCC/C=C\C/C=C\CCCCC,LNP_Atlas_DB_202509_v1 원본 754행 [수리됨],,,,,,,
10.1016/j.ijpharm.2023.123050,50:10:38.5:1.5,AX4,96,,,mRNA,DSPC,DMG-PEG2000,107,0.02,3.3,O=C(CCN(CCCN(CCCN(CCC(OCCCCOC(C(CCCCCC)CCCC)=O)=O)CCC(OCCCCOC(C(CCCCCC)CCCC)=O)=O)C)CCC(OCCCCOC(C(CCCCCC)CCCC)=O)=O)OCCCCOC(C(CCCCCC)CCCC)=O,LNP_Atlas_DB_202509_v1 원본 755행,,,,,,,
10.1016/j.ijpharm.2023.123050,50:10:38.5:3,AX4,96,,,mRNA,DSPC,DMG-PEG2000,97,0.004,4.2,O=C(CCN(CCCN(CCCN(CCC(OCCCCOC(C(CCCCCC)CCCC)=O)=O)CCC(OCCCCOC(C(CCCCCC)CCCC)=O)=O)C)CCC(OCCCCOC(C(CCCCCC)CCCC)=O)=O)OCCCCOC(C(CCCCCC)CCCC)=O,LNP_Atlas_DB_202509_v1 원본 756행,,,,,,,
10.1016/j.ijpharm.2023.123050,50:10:38.5:5,AX4,76,,,mRNA,DSPC,DMG-PEG2000,83,0.03,8.8,O=C(CCN(CCCN(CCCN(CCC(OCCCCOC(C(CCCCCC)CCCC)=O)=O)CCC(OCCCCOC(C(CCCCCC)CCCC)=O)=O)C)CCC(OCCCCOC(C(CCCCCC)CCCC)=O)=O)OCCCCOC(C(CCCCCC)CCCC)=O,LNP_Atlas_DB_202509_v1 원본 757행,,,,,,,
10.1016/j.ijpharm.2023.123050,46.0829:9.21659:35.4839:9.21659,AX4,42,,,mRNA,DSPC,DMG-PEG2000,78,0.05,3.1,O=C(CCN(CCCN(CCCN(CCC(OCCCCOC(C(CCCCCC)CCCC)=O)=O)CCC(OCCCCOC(C(CCCCCC)CCCC)=O)=O)C)CCC(OCCCCOC(C(CCCCCC)CCCC)=O)=O)OCCCCOC(C(CCCCCC)CCCC)=O,LNP_Atlas_DB_202509_v1 원본 758행 [수리됨],,,,,,,
10.1016/j.ijpharm.2023.123050,44.0529:8.81057:33.9207:13.2159,AX4,26,,,mRNA,DSPC,DMG-PEG2000,77,0.09,3.8,O=C(CCN(CCCN(CCCN(CCC(OCCCCOC(C(CCCCCC)CCCC)=O)=O)CCC(OCCCCOC(C(CCCCCC)CCCC)=O)=O)C)CCC(OCCCCOC(C(CCCCCC)CCCC)=O)=O)OCCCCOC(C(CCCCCC)CCCC)=O,LNP_Atlas_DB_202509_v1 원본 759행 [수리됨],,,,,,,
10.1021/acs.nanolett.5b02497,40:0.5:55.5:4,C12-200,18,,,mRNA,DOPC,C14-PEG2000,352,0.2,,NCCN1CCN(CCN(CC(O)CCCCCCCCCCCC)CC(O)CCCCCCCCCCCC)CC1CN(CC(O)CCCCCCCCCCCC)CN(CC(O)CCCCCCCCCCCC)CC(O)CCCCCCCCCCCC,LNP_Atlas_DB_202509_v1 원본 75행 [수리됨],,,,,,,
10.1016/j.ijpharm.2023.123050,40.4858:8.09717:31.1741:20.2429,AX4,18,,,mRNA,DSPC,DMG-PEG2000,75,0.11,2.5,O=C(CCN(CCCN(CCCN(CCC(OCCCCOC(C(CCCCCC)CCCC)=O)=O)CCC(OCCCCOC(C(CCCCCC)CCCC)=O)=O)C)CCC(OCCCCOC(C(CCCCCC)CCCC)=O)=O)OCCCCOC(C(CCCCCC)CCCC)=O,LNP_Atlas_DB_202509_v1 원본 760행 [수리됨],,,,,,,
10.1016/j.ijpharm.2023.123050,33.67:6.73401:25.9259:33.67,AX4,10,,,mRNA,DSPC,DMG-PEG2000,69,0.15,0.7,O=C(CCN(CCCN(CCCN(CCC(OCCCCOC(C(CCCCCC)CCCC)=O)=O)CCC(OCCCCOC(C(CCCCCC)CCCC)=O)=O)C)CCC(OCCCCOC(C(CCCCCC)CCCC)=O)=O)OCCCCOC(C(CCCCCC)CCCC)=O,LNP_Atlas_DB_202509_v1 원본 761행 [수리됨],,,,,,,
10.1016/j.ijpharm.2023.123050,50:10:38.5:1.5,AX4,94,,,mRNA,DOPE,DMG-PEG2000,145,0.1,4.3,O=C(CCN(CCCN(CCCN(CCC(OCCCCOC(C(CCCCCC)CCCC)=O)=O)CCC(OCCCCOC(C(CCCCCC)CCCC)=O)=O)C)CCC(OCCCCOC(C(CCCCCC)CCCC)=O)=O)OCCCCOC(C(CCCCCC)CCCC)=O,LNP_Atlas_DB_202509_v1 원본 762행,,,,,,,
10.1016/j.ijpharm.2023.123050,50:10:38.5:3,AX4,92,,,mRNA,DOPE,DMG-PEG2000,113,0.11,3.7,O=C(CCN(CCCN(CCCN(CCC(OCCCCOC(C(CCCCCC)CCCC)=O)=O)CCC(OCCCCOC(C(CCCCCC)CCCC)=O)=O)C)CCC(OCCCCOC(C(CCCCCC)CCCC)=O)=O)OCCCCOC(C(CCCCCC)CCCC)=O,LNP_Atlas_DB_202509_v1 원본 763행,,,,,,,
10.1016/j.ijpharm.2023.123050,50:10:38.5:5,AX4,82,,,mRNA,DOPE,DMG-PEG2000,98,0.04,4,O=C(CCN(CCCN(CCCN(CCC(OCCCCOC(C(CCCCCC)CCCC)=O)=O)CCC(OCCCCOC(C(CCCCCC)CCCC)=O)=O)C)CCC(OCCCCOC(C(CCCCCC)CCCC)=O)=O)OCCCCOC(C(CCCCCC)CCCC)=O,LNP_Atlas_DB_202509_v1 원본 764행,,,,,,,
10.1016/j.ijpharm.2023.123050,46.0829:9.21659:35.4839:9.21659,AX4,45,,,mRNA,DOPE,DMG-PEG2000,78,0.07,4.6,O=C(CCN(CCCN(CCCN(CCC(OCCCCOC(C(CCCCCC)CCCC)=O)=O)CCC(OCCCCOC(C(CCCCCC)CCCC)=O)=O)C)CCC(OCCCCOC(C(CCCCCC)CCCC)=O)=O)OCCCCOC(C(CCCCCC)CCCC)=O,LNP_Atlas_DB_202509_v1 원본 765행 [수리됨],,,,,,,
10.1016/j.ijpharm.2023.123050,44.0529:8.81057:33.9207:13.2159,AX4,29,,,mRNA,DOPE,DMG-PEG2000,71,0.12,5,O=C(CCN(CCCN(CCCN(CCC(OCCCCOC(C(CCCCCC)CCCC)=O)=O)CCC(OCCCCOC(C(CCCCCC)CCCC)=O)=O)C)CCC(OCCCCOC(C(CCCCCC)CCCC)=O)=O)OCCCCOC(C(CCCCCC)CCCC)=O,LNP_Atlas_DB_202509_v1 원본 766행 [수리됨],,,,,,,
10.1016/j.ijpharm.2023.123050,40.4858:8.09717:31.1741:20.2429,AX4,19,,,mRNA,DOPE,DMG-PEG2000,67,0.14,0.9,O=C(CCN(CCCN(CCCN(CCC(OCCCCOC(C(CCCCCC)CCCC)=O)=O)CCC(OCCCCOC(C(CCCCCC)CCCC)=O)=O)C)CCC(OCCCCOC(C(CCCCCC)CCCC)=O)=O)OCCCCOC(C(CCCCCC)CCCC)=O,LNP_Atlas_DB_202509_v1 원본 767행 [수리됨],,,,,,,
10.1016/j.ijpharm.2023.123050,33.67:6.73401:25.9259:33.67,AX4,10,,,mRNA,DOPE,DMG-PEG2000,63,0.09,2.3,O=C(CCN(CCCN(CCCN(CCC(OCCCCOC(C(CCCCCC)CCCC)=O)=O)CCC(OCCCCOC(C(CCCCCC)CCCC)=O)=O)C)CCC(OCCCCOC(C(CCCCCC)CCCC)=O)=O)OCCCCOC(C(CCCCCC)CCCC)=O,LNP_Atlas_DB_202509_v1 원본 768행 [수리됨],,,,,,,
10.1016/j.ijpharm.2023.123050,71.4286:14.2857:7.14286:7.14286,AX4,19,,,mRNA,DSPC,DMG-PEG2000,147,0.12,16.6,O=C(CCN(CCCN(CCCN(CCC(OCCCCOC(C(CCCCCC)CCCC)=O)=O)CCC(OCCCCOC(C(CCCCCC)CCCC)=O)=O)C)CCC(OCCCCOC(C(CCCCCC)CCCC)=O)=O)OCCCCOC(C(CCCCCC)CCCC)=O,LNP_Atlas_DB_202509_v1 원본 769행 [수리됨],,,,,,,
10.1016/j.ijpharm.2023.123050,30.303:6.06061:60.6061:3.0303,AX4,95,,,mRNA,DSPC,DMG-PEG2000,70,0.13,7.4,O=C(CCN(CCCN(CCCN(CCC(OCCCCOC(C(CCCCCC)CCCC)=O)=O)CCC(OCCCCOC(C(CCCCCC)CCCC)=O)=O)C)CCC(OCCCCOC(C(CCCCCC)CCCC)=O)=O)OCCCCOC(C(CCCCCC)CCCC)=O,LNP_Atlas_DB_202509_v1 원본 770행 [수리됨],,,,,,,
10.1016/j.ijpharm.2023.123050,14.8148:7.40741:74.0741:3.7037,AX4,95,,,mRNA,DSPC,DMG-PEG2000,61,0.23,3.8,O=C(CCN(CCCN(CCCN(CCC(OCCCCOC(C(CCCCCC)CCCC)=O)=O)CCC(OCCCCOC(C(CCCCCC)CCCC)=O)=O)C)CCC(OCCCCOC(C(CCCCCC)CCCC)=O)=O)OCCCCOC(C(CCCCCC)CCCC)=O,LNP_Atlas_DB_202509_v1 원본 771행 [수리됨],,,,,,,
10.1016/j.ijpharm.2023.123050,35:16:46.5:2.5,AX4,96,,,mRNA,DSPC,DMG-PEG2000,71,0.05,1.6,O=C(CCN(CCCN(CCCN(CCC(OCCCCOC(C(CCCCCC)CCCC)=O)=O)CCC(OCCCCOC(C(CCCCCC)CCCC)=O)=O)C)CCC(OCCCCOC(C(CCCCCC)CCCC)=O)=O)OCCCCOC(C(CCCCCC)CCCC)=O,LNP_Atlas_DB_202509_v1 원본 772행,,,,,,,
10.1016/j.ijpharm.2023.123050,35:16:46.5:5,AX4,95,,,mRNA,DSPC,DMG-PEG2000,62,0.11,4.2,O=C(CCN(CCCN(CCCN(CCC(OCCCCOC(C(CCCCCC)CCCC)=O)=O)CCC(OCCCCOC(C(CCCCCC)CCCC)=O)=O)C)CCC(OCCCCOC(C(CCCCCC)CCCC)=O)=O)OCCCCOC(C(CCCCCC)CCCC)=O,LNP_Atlas_DB_202509_v1 원본 773행,,,,,,,
10.1016/j.ijpharm.2023.123050,35:16:46.5:5,AX4,95,,,mRNA,DSPC,DMG-PEG2000,61,0.15,3.4,O=C(CCN(CCCN(CCCN(CCC(OCCCCOC(C(CCCCCC)CCCC)=O)=O)CCC(OCCCCOC(C(CCCCCC)CCCC)=O)=O)C)CCC(OCCCCOC(C(CCCCCC)CCCC)=O)=O)OCCCCOC(C(CCCCCC)CCCC)=O,LNP_Atlas_DB_202509_v1 원본 774행,,,,,,,
10.1016/j.ijpharm.2023.123050,35:16:46.5:5,AX4,94,,,mRNA,DSPC,DMG-PEG2000,54,0.07,5.7,O=C(CCN(CCCN(CCCN(CCC(OCCCCOC(C(CCCCCC)CCCC)=O)=O)CCC(OCCCCOC(C(CCCCCC)CCCC)=O)=O)C)CCC(OCCCCOC(C(CCCCCC)CCCC)=O)=O)OCCCCOC(C(CCCCCC)CCCC)=O,LNP_Atlas_DB_202509_v1 원본 775행,,,,,,,
10.1002/btm2.10580,60:20:19:1,DLin-MC3-DMA,91.5,,,mRNA,DPPC,DMPE-PEG2000,118.9,0.168,5.5,CCCCC/C=C\C/C=C\CCCCCCCCC(OC(=O)CCCN(C)C)CCCCCCCC/C=C\C/C=C\CCCCC,LNP_Atlas_DB_202509_v1 원본 777행,,,,,,,
10.1002/btm2.10580,45:20:34:1,DLin-MC3-DMA,92.8,,,mRNA,DPPC,DMPE-PEG2000,109.9,0.154,7,CCCCC/C=C\C/C=C\CCCCCCCCC(OC(=O)CCCN(C)C)CCCCCCCC/C=C\C/C=C\CCCCC,LNP_Atlas_DB_202509_v1 원본 778행,,,,,,,
10.1002/btm2.10580,45:5:49:1,DLin-MC3-DMA,93.4,,,mRNA,DPPC,DMPE-PEG2000,112.9,0.152,6.7,CCCCC/C=C\C/C=C\CCCCCCCCC(OC(=O)CCCN(C)C)CCCCCCCC/C=C\C/C=C\CCCCC,LNP_Atlas_DB_202509_v1 원본 779행,,,,,,,
10.1021/acs.nanolett.5b02497,40:2.5:53.5:4,C12-200,2,,,mRNA,DOPE,C14-PEG2000,149,0.341,,NCCN1CCN(CCN(CC(O)CCCCCCCCCCCC)CC(O)CCCCCCCCCCCC)CC1CN(CC(O)CCCCCCCCCCCC)CN(CC(O)CCCCCCCCCCCC)CC(O)CCCCCCCCCCCC,LNP_Atlas_DB_202509_v1 원본 77행 [수리됨],,,,,,,
10.1002/btm2.10580,50:10:38.5:1.5,DLin-MC3-DMA,87.2,,,mRNA,DSPC,DMG-PEG2000,123.3,0.153,1.7,CCCCC/C=C\C/C=C\CCCCCCCCC(OC(=O)CCCN(C)C)CCCCCCCC/C=C\C/C=C\CCCCC,LNP_Atlas_DB_202509_v1 원본 780행,,,,,,,
10.1002/btm2.10580,45:20:34:1,SM-102,93.9,,,mRNA,DPPC,DMPE-PEG2000,109.8,0.162,10.3,CCCCCCCCCCCOC(=O)CCCCCN(CCCCCCCC(=O)OC(CCCCCCCC)CCCCCCCC)CCO,LNP_Atlas_DB_202509_v1 원본 781행,,,,,,,
10.1002/btm2.10580,50:10:38.5:1.5,SM-102,89.8,,,mRNA,DSPC,DMG-PEG2000,111.2,0.172,3.8,CCCCCCCCCCCOC(=O)CCCCCN(CCCCCCCC(=O)OC(CCCCCCCC)CCCCCCCC)CCO,LNP_Atlas_DB_202509_v1 원본 782행,,,,,,,
10.1002/btm2.10580,45:20:34:1,ALC-0315,91.2,,,mRNA,DPPC,DMPE-PEG2000,108.1,0.166,8.7,CCCCCCCCC(CCCCCC)C(=O)OCCCCCCN(CCCCCCOC(=O)C(CCCCCC)CCCCCCCC)CCCCO,LNP_Atlas_DB_202509_v1 원본 783행,,,,,,,
10.1002/btm2.10580,46.3:9.4:42.7:1.6,ALC-0315,88.7,,,mRNA,DSPC,ALC-0159,113.9,0.174,4.2,CCCCCCCCC(CCCCCC)C(=O)OCCCCCCN(CCCCCCOC(=O)C(CCCCCC)CCCCCCCC)CCCCO,LNP_Atlas_DB_202509_v1 원본 784행,,,,,,,
10.1039/d1bm01454d,38.5:30:30:1.5,4A3-SC8,93,,,mRNA,DOPE,DMG-PEG2000,95,0.17,1.7,O=C(CCN(CCCN(CCCN(CCC(OCCOC(C(CSCCCCCCCC)C)=O)=O)CCC(OCCOC(C(CSCCCCCCCC)C)=O)=O)C)CCC(OCCOC(C(CSCCCCCCCC)C)=O)=O)OCCOC(C(CSCCCCCCCC)C)=O,LNP_Atlas_DB_202509_v1 원본 789행 [수리됨],,,,,,,
10.1021/acs.nanolett.5b02497,40:10:47.5:2.5,C12-200,46,,,mRNA,DSPC,C14-PEG2000,79,0.177,,NCCN1CCN(CCN(CC(O)CCCCCCCCCCCC)CC(O)CCCCCCCCCCCC)CC1CN(CC(O)CCCCCCCCCCCC)CN(CC(O)CCCCCCCCCCCC)CC(O)CCCCCCCCCCCC,LNP_Atlas_DB_202509_v1 원본 78행 [수리됨],,,,,,,
10.1039/d1bm01454d,38.5:30:30:1.5,4A3-SC8,65,,,mRNA,POPE,DMG-PEG2000,102,0.1,4.5,O=C(CCN(CCCN(CCCN(CCC(OCCOC(C(CSCCCCCCCC)C)=O)=O)CCC(OCCOC(C(CSCCCCCCCC)C)=O)=O)C)CCC(OCCOC(C(CSCCCCCCCC)C)=O)=O)OCCOC(C(CSCCCCCCCC)C)=O,LNP_Atlas_DB_202509_v1 원본 790행 [수리됨],,,,,,,
10.1039/d1bm01454d,38.5:30:30:1.5,4A3-SC8,88,,,mRNA,BMP,DMG-PEG2000,133,0.08,3.5,O=C(CCN(CCCN(CCCN(CCC(OCCOC(C(CSCCCCCCCC)C)=O)=O)CCC(OCCOC(C(CSCCCCCCCC)C)=O)=O)C)CCC(OCCOC(C(CSCCCCCCCC)C)=O)=O)OCCOC(C(CSCCCCCCCC)C)=O,LNP_Atlas_DB_202509_v1 원본 791행 [수리됨],,,,,,,
10.1039/d1bm01454d,38.5:30:30:1.5,4A3-SC8,84,,,mRNA,BMP,DMG-PEG2000,167,0.07,4,O=C(CCN(CCCN(CCCN(CCC(OCCOC(C(CSCCCCCCCC)C)=O)=O)CCC(OCCOC(C(CSCCCCCCCC)C)=O)=O)C)CCC(OCCOC(C(CSCCCCCCCC)C)=O)=O)OCCOC(C(CSCCCCCCCC)C)=O,LNP_Atlas_DB_202509_v1 원본 792행 [수리됨],,,,,,,
10.1039/d1bm01454d,38.5:30:30:1.5,4A3-SC8,82,,,mRNA,4ME,DMG-PEG2000,85,0.1,3,O=C(CCN(CCCN(CCCN(CCC(OCCOC(C(CSCCCCCCCC)C)=O)=O)CCC(OCCOC(C(CSCCCCCCCC)C)=O)=O)C)CCC(OCCOC(C(CSCCCCCCCC)C)=O)=O)OCCOC(C(CSCCCCCCCC)C)=O,LNP_Atlas_DB_202509_v1 원본 793행 [수리됨],,,,,,,
10.1039/d1bm01454d,38.5:30:30:1.5,4A3-SC8,72,,,mRNA,DSPC,DMG-PEG2000,115,0.13,2,O=C(CCN(CCCN(CCCN(CCC(OCCOC(C(CSCCCCCCCC)C)=O)=O)CCC(OCCOC(C(CSCCCCCCCC)C)=O)=O)C)CCC(OCCOC(C(CSCCCCCCCC)C)=O)=O)OCCOC(C(CSCCCCCCCC)C)=O,LNP_Atlas_DB_202509_v1 원본 794행 [수리됨],,,,,,,
10.1039/d1bm01454d,38.5:30:30:1.5,4A3-SC8,48,,,mRNA,CL,DMG-PEG2000,147,0.07,4.5,O=C(CCN(CCCN(CCCN(CCC(OCCOC(C(CSCCCCCCCC)C)=O)=O)CCC(OCCOC(C(CSCCCCCCCC)C)=O)=O)C)CCC(OCCOC(C(CSCCCCCCCC)C)=O)=O)OCCOC(C(CSCCCCCCCC)C)=O,LNP_Atlas_DB_202509_v1 원본 795행 [수리됨],,,,,,,
10.1039/d1bm01454d,38.5:30:30:1.5,4A3-SC8,67,,,mRNA,SOPE,DMG-PEG2000,126,0.13,2.5,O=C(CCN(CCCN(CCCN(CCC(OCCOC(C(CSCCCCCCCC)C)=O)=O)CCC(OCCOC(C(CSCCCCCCCC)C)=O)=O)C)CCC(OCCOC(C(CSCCCCCCCC)C)=O)=O)OCCOC(C(CSCCCCCCCC)C)=O,LNP_Atlas_DB_202509_v1 원본 796행 [수리됨],,,,,,,
10.1039/d1bm01454d,38.5:30:30:1.5,4A3-SC8,70,,,mRNA,DEPE,DMG-PEG2000,130,0.17,2.5,O=C(CCN(CCCN(CCCN(CCC(OCCOC(C(CSCCCCCCCC)C)=O)=O)CCC(OCCOC(C(CSCCCCCCCC)C)=O)=O)C)CCC(OCCOC(C(CSCCCCCCCC)C)=O)=O)OCCOC(C(CSCCCCCCCC)C)=O,LNP_Atlas_DB_202509_v1 원본 797행 [수리됨],,,,,,,
10.1039/d1bm01454d,38.5:30:30:1.5,4A3-SC8,68,,,mRNA,DPPE,DMG-PEG2000,135,0.13,2.5,O=C(CCN(CCCN(CCCN(CCC(OCCOC(C(CSCCCCCCCC)C)=O)=O)CCC(OCCOC(C(CSCCCCCCCC)C)=O)=O)C)CCC(OCCOC(C(CSCCCCCCCC)C)=O)=O)OCCOC(C(CSCCCCCCCC)C)=O,LNP_Atlas_DB_202509_v1 원본 798행 [수리됨],,,,,,,
10.1039/d1bm01454d,38.5:30:30:1.5,4A3-SC8,69,,,mRNA,C16-18:1 PE,DMG-PEG2000,122,0.17,2.5,O=C(CCN(CCCN(CCCN(CCC(OCCOC(C(CSCCCCCCCC)C)=O)=O)CCC(OCCOC(C(CSCCCCCCCC)C)=O)=O)C)CCC(OCCOC(C(CSCCCCCCCC)C)=O)=O)OCCOC(C(CSCCCCCCCC)C)=O,LNP_Atlas_DB_202509_v1 원본 799행 [수리됨],,,,,,,
10.1021/acs.nanolett.5b02497,60:16:23.5:0.5,C12-200,43,,,mRNA,DSPC,C14-PEG2000,149,0.212,,NCCN1CCN(CCN(CC(O)CCCCCCCCCCCC)CC(O)CCCCCCCCCCCC)CC1CN(CC(O)CCCCCCCCCCCC)CN(CC(O)CCCCCCCCCCCC)CC(O)CCCCCCCCCCCC,LNP_Atlas_DB_202509_v1 원본 79행 [수리됨],,,,,,,
10.1039/d1bm01454d,38.5:30:30:1.5,4A3-SC8,57,,,mRNA,SOPC,DMG-PEG2000,128,0.09,0.5,O=C(CCN(CCCN(CCCN(CCC(OCCOC(C(CSCCCCCCCC)C)=O)=O)CCC(OCCOC(C(CSCCCCCCCC)C)=O)=O)C)CCC(OCCOC(C(CSCCCCCCCC)C)=O)=O)OCCOC(C(CSCCCCCCCC)C)=O,LNP_Atlas_DB_202509_v1 원본 800행 [수리됨],,,,,,,
10.1039/d1bm01454d,38.5:30:30:1.5,4A3-SC8,78,,,mRNA,POPC,DMG-PEG2000,232,0.21,0.5,O=C(CCN(CCCN(CCCN(CCC(OCCOC(C(CSCCCCCCCC)C)=O)=O)CCC(OCCOC(C(CSCCCCCCCC)C)=O)=O)C)CCC(OCCOC(C(CSCCCCCCCC)C)=O)=O)OCCOC(C(CSCCCCCCCC)C)=O,LNP_Atlas_DB_202509_v1 원본 801행 [수리됨],,,,,,,
10.1038/s41467-022-33157-4,50:10:38.5:1.5,DLin-MC3-DMA,94.2,,,mRNA,DSPC,DMG-PEG2000,120.5,,6.3,CCCCC/C=C\C/C=C\CCCCCCCCC(OC(=O)CCCN(C)C)CCCCCCCC/C=C\C/C=C\CCCCC,LNP_Atlas_DB_202509_v1 원본 802행 [수리됨],,,,,,,
10.1038/s41467-022-33157-4,50:10.5:38.5:1.5,DLin-MC3-DMA,94.2,,,mRNA,DSPC + TMR-PC,DMG-PEG2000,120.5,,6.3,CCCCC/C=C\C/C=C\CCCCCCCCC(OC(=O)CCCN(C)C)CCCCCCCC/C=C\C/C=C\CCCCC,LNP_Atlas_DB_202509_v1 원본 806행 [수리됨],,,,,,,
10.1021/acs.nanolett.5b02497,40:16:43.5:0.5,C12-200,2,,,mRNA,DSPC,C14-PEG2000,368,0.43,,NCCN1CCN(CCN(CC(O)CCCCCCCCCCCC)CC(O)CCCCCCCCCCCC)CC1CN(CC(O)CCCCCCCCCCCC)CN(CC(O)CCCCCCCCCCCC)CC(O)CCCCCCCCCCCC,LNP_Atlas_DB_202509_v1 원본 80행 [수리됨],,,,,,,
10.1038/s41467-022-33157-4,50:10:38.5:1.5,DLin-MC3-DMA,95.6,,,mRNA,DSPC,DMG-PEG2000,113,,3.2,CCCCC/C=C\C/C=C\CCCCCCCCC(OC(=O)CCCN(C)C)CCCCCCCC/C=C\C/C=C\CCCCC,LNP_Atlas_DB_202509_v1 원본 811행 [수리됨],,,,,,,
10.1039/d1na00712b,40:10:49:1,DLin-MC3-DMA,85,,,ASO,DSPC,DMPE-PEG550,189.5,,,CCCCC/C=C\C/C=C\CCCCCCCCC(OC(=O)CCCN(C)C)CCCCCCCC/C=C\C/C=C\CCCCC,LNP_Atlas_DB_202509_v1 원본 812행 [수리됨],,,,,,,
10.1039/d1na00712b,40:10:49:1,DLin-MC3-DMA,85,,,ASO,DSPC,DMPE-PEG1000,151.3,,,CCCCC/C=C\C/C=C\CCCCCCCCC(OC(=O)CCCN(C)C)CCCCCCCC/C=C\C/C=C\CCCCC,LNP_Atlas_DB_202509_v1 원본 813행 [수리됨],,,,,,,
10.1039/d1na00712b,40:10:49:1,DLin-MC3-DMA,85,,,ASO,DSPC,DMPE-PEG2000,101.7,,,CCCCC/C=C\C/C=C\CCCCCCCCC(OC(=O)CCCN(C)C)CCCCCCCC/C=C\C/C=C\CCCCC,LNP_Atlas_DB_202509_v1 원본 814행 [수리됨],,,,,,,
10.1039/d1na00712b,40:10:49:1,DLin-MC3-DMA,85,,,ASO,DSPC,DPPE-PEG1000,173.8,,,CCCCC/C=C\C/C=C\CCCCCCCCC(OC(=O)CCCN(C)C)CCCCCCCC/C=C\C/C=C\CCCCC,LNP_Atlas_DB_202509_v1 원본 815행 [수리됨],,,,,,,
10.1039/d1na00712b,40:10:49:1,DLin-MC3-DMA,85,,,ASO,DSPC,DPPE-PEG2000,103.2,,,CCCCC/C=C\C/C=C\CCCCCCCCC(OC(=O)CCCN(C)C)CCCCCCCC/C=C\C/C=C\CCCCC,LNP_Atlas_DB_202509_v1 원본 816행 [수리됨],,,,,,,
10.1039/d1na00712b,40:10:49:1,DLin-MC3-DMA,85,,,ASO,DSPC,DSPE-PEG550,211.9,,,CCCCC/C=C\C/C=C\CCCCCCCCC(OC(=O)CCCN(C)C)CCCCCCCC/C=C\C/C=C\CCCCC,LNP_Atlas_DB_202509_v1 원본 817행 [수리됨],,,,,,,
10.1039/d1na00712b,40:10:49:1,DLin-MC3-DMA,85,,,ASO,DSPC,DSPE-PEG1000,156.7,,,CCCCC/C=C\C/C=C\CCCCCCCCC(OC(=O)CCCN(C)C)CCCCCCCC/C=C\C/C=C\CCCCC,LNP_Atlas_DB_202509_v1 원본 818행 [수리됨],,,,,,,
10.1039/d1na00712b,40:10:47:3,DLin-MC3-DMA,85,,,ASO,DSPC,DSPE-PEG2000,98.4,,,CCCCC/C=C\C/C=C\CCCCCCCCC(OC(=O)CCCN(C)C)CCCCCCCC/C=C\C/C=C\CCCCC,LNP_Atlas_DB_202509_v1 원본 819행 [수리됨],,,,,,,
10.1039/d1na00712b,40:10:49:1,DLin-MC3-DMA,85,,,ASO,DSPC,DSPE-2armPEG2000,107.2,,,CCCCC/C=C\C/C=C\CCCCCCCCC(OC(=O)CCCN(C)C)CCCCCCCC/C=C\C/C=C\CCCCC,LNP_Atlas_DB_202509_v1 원본 820행 [수리됨],,,,,,,
10.1039/d1na00712b,40:10:49:1,DLin-MC3-DMA,85,,,ASO,DSPC,DOPE-PEG550,212.1,,,CCCCC/C=C\C/C=C\CCCCCCCCC(OC(=O)CCCN(C)C)CCCCCCCC/C=C\C/C=C\CCCCC,LNP_Atlas_DB_202509_v1 원본 821행 [수리됨],,,,,,,
10.1039/d1na00712b,40:10:49:1,DLin-MC3-DMA,85,,,ASO,DSPC,DOPE-PEG1000,132.2,,,CCCCC/C=C\C/C=C\CCCCCCCCC(OC(=O)CCCN(C)C)CCCCCCCC/C=C\C/C=C\CCCCC,LNP_Atlas_DB_202509_v1 원본 822행 [수리됨],,,,,,,
10.1039/d1na00712b,40:10:49:1,DLin-MC3-DMA,85,,,ASO,DSPC,DOPE-PEG2000,104.6,,,CCCCC/C=C\C/C=C\CCCCCCCCC(OC(=O)CCCN(C)C)CCCCCCCC/C=C\C/C=C\CCCCC,LNP_Atlas_DB_202509_v1 원본 823행 [수리됨],,,,,,,
10.1039/d1na00712b,40:10:49:1,DLin-MC3-DMA,85,,,ASO,DSPC,DMG-PEG2000,116.9,,,CCCCC/C=C\C/C=C\CCCCCCCCC(OC(=O)CCCN(C)C)CCCCCCCC/C=C\C/C=C\CCCCC,LNP_Atlas_DB_202509_v1 원본 824행 [수리됨],,,,,,,
10.1039/d1na00712b,40:10:49:1,DLin-MC3-DMA,85,,,ASO,DSPC,DSG-PEG2000,114.7,,,CCCCC/C=C\C/C=C\CCCCCCCCC(OC(=O)CCCN(C)C)CCCCCCCC/C=C\C/C=C\CCCCC,LNP_Atlas_DB_202509_v1 원본 825행 [수리됨],,,,,,,
10.1039/d1na00712b,40:10:49:1,DLin-MC3-DMA,85,,,ASO,DSPC,C8-Ceramide-PEG750,147.7,,,CCCCC/C=C\C/C=C\CCCCCCCCC(OC(=O)CCCN(C)C)CCCCCCCC/C=C\C/C=C\CCCCC,LNP_Atlas_DB_202509_v1 원본 826행 [수리됨],,,,,,,
10.1039/d1na00712b,40:10:47:3,DLin-MC3-DMA,85,,,ASO,DSPC,C8-Ceramide-PEG2000,114.7,,,CCCCC/C=C\C/C=C\CCCCCCCCC(OC(=O)CCCN(C)C)CCCCCCCC/C=C\C/C=C\CCCCC,LNP_Atlas_DB_202509_v1 원본 827행 [수리됨],,,,,,,
10.1039/d1na00712b,40:10:49:1,DLin-MC3-DMA,85,,,ASO,DSPC,C16-Ceramide-PEG750,195.8,,,CCCCC/C=C\C/C=C\CCCCCCCCC(OC(=O)CCCN(C)C)CCCCCCCC/C=C\C/C=C\CCCCC,LNP_Atlas_DB_202509_v1 원본 828행 [수리됨],,,,,,,
10.1039/d1na00712b,40:10:49:1,DLin-MC3-DMA,85,,,ASO,DSPC,C16-Ceramide-PEG2000,115.6,,,CCCCC/C=C\C/C=C\CCCCCCCCC(OC(=O)CCCN(C)C)CCCCCCCC/C=C\C/C=C\CCCCC,LNP_Atlas_DB_202509_v1 원본 829행 [수리됨],,,,,,,
10.1021/acs.nanolett.5b02497,50:10:38.5:1.5,C12-200,10,,,mRNA,DOPC,C14-PEG2000,173,0.151,,NCCN1CCN(CCN(CC(O)CCCCCCCCCCCC)CC(O)CCCCCCCCCCCC)CC1CN(CC(O)CCCCCCCCCCCC)CN(CC(O)CCCCCCCCCCCC)CC(O)CCCCCCCCCCCC,LNP_Atlas_DB_202509_v1 원본 82행 [수리됨],,,,,,,
10.1039/d1na00712b,40:10:49:1,DLin-MC3-DMA,85,,,ASO,DSPC,DMG-PEG2000,120,,,CCCCC/C=C\C/C=C\CCCCCCCCC(OC(=O)CCCN(C)C)CCCCCCCC/C=C\C/C=C\CCCCC,LNP_Atlas_DB_202509_v1 원본 830행 [수리됨],,,,,,,
10.1038/nbt.1602,57.1:7.1:34.3:1.4,DLin-KC2-DMA,90,,,siRNA,DPPC,PEG-c-DMA,75,,,CCCCC/C=C\C/C=C\CCCCCCCCC1(OC(CO1)CCN(C)C)CCCCCCCC/C=C\C/C=C\CCCCC,LNP_Atlas_DB_202509_v1 원본 844행,,,,,,,
10.1038/s41467-024-50093-7,49.505:49.505:0:0.990099,Custom lipid,90,,,mRNA,DOTAP,DMG-PEG2000,115,0.09,,CCCCCCCCCCCCN(C)C(=O)CCCOC(COC(=O)CCCN(C)CCCCCCCCCCCC)(COC(=O)CCCN(C)CCCCCCCCCCCC)OC(=O)CCCN(C)CCCCCCCCCCCC,LNP_Atlas_DB_202509_v1 원본 847행 [수리됨],,,,,,,
10.1038/s41467-024-50093-7,37.2208:37.2208:24.8139:0.744417,Custom lipid,90,,,mRNA,DOTAP,DMG-PEG2000,120,0.08,,CCCCCCCCCCCCN(C)C(=O)CCCOC(COC(=O)CCCN(C)CCCCCCCCCCCC)(COC(=O)CCCN(C)CCCCCCCCCCCC)OC(=O)CCCN(C)CCCCCCCCCCCC,LNP_Atlas_DB_202509_v1 원본 848행 [수리됨],,,,,,,
10.1021/acs.nanolett.5b02497,30:22:45.5:2.5,C12-200,59,,,mRNA,DSPC,C14-PEG2000,95,0.336,,NCCN1CCN(CCN(CC(O)CCCCCCCCCCCC)CC(O)CCCCCCCCCCCC)CC1CN(CC(O)CCCCCCCCCCCC)CN(CC(O)CCCCCCCCCCCC)CC(O)CCCCCCCCCCCC,LNP_Atlas_DB_202509_v1 원본 84행 [수리됨],,,,,,,
10.1038/s41467-024-50093-7,55.4324:44.3459:0:0.221729,Custom lipid,90,,,mRNA,DDAB,DMG-PEG2000,75,0.13,4.8,CCCCCCCCCCCCN(C)C(=O)CCCOC(COC(=O)CCCN(C)CCCCCCCCCCCC)(COC(=O)CCCN(C)CCCCCCCCCCCC)OC(=O)CCCN(C)CCCCCCCCCCCC,LNP_Atlas_DB_202509_v1 원본 850행 [수리됨],,,,,,,
10.1038/s41467-024-50093-7,35.6633:28.5307:35.6633:0.142653,Custom lipid,90,,,mRNA,DDAB,DMG-PEG2000,92,0.19,3.5,CCCCCCCCCCCCN(C)C(=O)CCCOC(COC(=O)CCCN(C)CCCCCCCCCCCC)(COC(=O)CCCN(C)CCCCCCCCCCCC)OC(=O)CCCN(C)CCCCCCCCCCCC,LNP_Atlas_DB_202509_v1 원본 851행 [수리됨],,,,,,,
10.1038/s41467-024-50093-7,49.505:49.505:0:0.990099,SM-102,90,,,mRNA,DOTAP,DMG-PEG2000,110,0.09,,CCCCCCCCCCCOC(=O)CCCCCN(CCCCCCCC(=O)OC(CCCCCCCC)CCCCCCCC)CCO,LNP_Atlas_DB_202509_v1 원본 854행 [수리됨],,,,,,,
10.1038/s41467-024-50093-7,49.505:49.505:0:0.990099,ALC-0315,90,,,mRNA,DOTAP,DMG-PEG2000,108,0.09,,CCCCCCCCC(CCCCCC)C(=O)OCCCCCCN(CCCCCCOC(=O)C(CCCCCC)CCCCCCCC)CCCCO,LNP_Atlas_DB_202509_v1 원본 856행 [수리됨],,,,,,,
10.1038/s41467-024-50093-7,49.505:49.505:0:0.990099,DLin-MC3-DMA,90,,,mRNA,DOTAP,DMG-PEG2000,112,0.1,,CCCCC/C=C\C/C=C\CCCCCCCCC(OC(=O)CCCN(C)C)CCCCCCCC/C=C\C/C=C\CCCCC,LNP_Atlas_DB_202509_v1 원본 858행 [수리됨],,,,,,,
10.1021/acs.nanolett.5b02497,40:22:35:3,C12-200,30,,,mRNA,DOPE,C14-PEG2000,117,0.195,,NCCN1CCN(CCN(CC(O)CCCCCCCCCCCC)CC(O)CCCCCCCCCCCC)CC1CN(CC(O)CCCCCCCCCCCC)CN(CC(O)CCCCCCCCCCCC)CC(O)CCCCCCCCCCCC,LNP_Atlas_DB_202509_v1 원본 85행 [수리됨],,,,,,,
10.1016/j.jconrel.2025.01.071,46.3:9.4:42.7:1.6,ALC-0315,80,,,mRNA,DSPC,ALC-0159,183.3,,,CCCCCCCCC(CCCCCC)C(=O)OCCCCCCN(CCCCCCOC(=O)C(CCCCCC)CCCCCCCC)CCCCO,LNP_Atlas_DB_202509_v1 원본 861행,,,,,,,
10.1016/j.jconrel.2025.01.071,46.3:9.4:42.7:1.6,ALC-0315,80,,,mRNA,DSPC,ALC-0159,70,0.2,,CCCCCCCCC(CCCCCC)C(=O)OCCCCCCN(CCCCCCOC(=O)C(CCCCCC)CCCCCCCC)CCCCO,LNP_Atlas_DB_202509_v1 원본 862행,,,,,,,
10.1016/j.jconrel.2025.01.071,46.3:9.4:42.7:1.6,ALC-0315,80,,,mRNA,DSPC,DMG-PEG2000,65,0.2,,CCCCCCCCC(CCCCCC)C(=O)OCCCCCCN(CCCCCCOC(=O)C(CCCCCC)CCCCCCCC)CCCCO,LNP_Atlas_DB_202509_v1 원본 863행,,,,,,,
10.1016/j.jconrel.2025.01.071,46.3:9.4:42.7:1.6,ALC-0315,80,,,mRNA,DSPC,DMG-PEG2000,65,0.2,,CCCCCCCCC(CCCCCC)C(=O)OCCCCCCN(CCCCCCOC(=O)C(CCCCCC)CCCCCCCC)CCCCO,LNP_Atlas_DB_202509_v1 원본 864행,,,,,,,
10.1016/j.jconrel.2025.01.071,46.3:9.4:42.7:1.6,ALC-0315,80,,,mRNA,DSPC,DSG-PEG2000,65,0.2,,CCCCCCCCC(CCCCCC)C(=O)OCCCCCCN(CCCCCCOC(=O)C(CCCCCC)CCCCCCCC)CCCCO,LNP_Atlas_DB_202509_v1 원본 865행,,,,,,,
10.1016/j.jconrel.2025.01.071,46.3:9.4:42.7:1.6,ALC-0315,80,,,mRNA,DSPC,C8-Ceramide-PEG2000,70.6,,,CCCCCCCCC(CCCCCC)C(=O)OCCCCCCN(CCCCCCOC(=O)C(CCCCCC)CCCCCCCC)CCCCO,LNP_Atlas_DB_202509_v1 원본 866행,,,,,,,
10.1016/j.jconrel.2025.01.071,46.3:9.4:42.7:1.6,ALC-0315,80,,,mRNA,DSPC,C16-Ceramide-PEG2000,75,,,CCCCCCCCC(CCCCCC)C(=O)OCCCCCCN(CCCCCCOC(=O)C(CCCCCC)CCCCCCCC)CCCCO,LNP_Atlas_DB_202509_v1 원본 867행,,,,,,,
10.1016/j.jconrel.2025.01.071,46.3:9.4:42.7:1.6,ALC-0315,80,,,mRNA,DSPC,DMPE-PEG2000,,,,CCCCCCCCC(CCCCCC)C(=O)OCCCCCCN(CCCCCCOC(=O)C(CCCCCC)CCCCCCCC)CCCCO,LNP_Atlas_DB_202509_v1 원본 868행,,,,,,,
10.1016/j.jconrel.2025.01.071,46.3:9.4:42.7:1.6,ALC-0315,60,,,mRNA,DSPC,DSPE-PEG2000,92.8,,,CCCCCCCCC(CCCCCC)C(=O)OCCCCCCN(CCCCCCOC(=O)C(CCCCCC)CCCCCCCC)CCCCO,LNP_Atlas_DB_202509_v1 원본 869행,,,,,,,
10.1021/acs.nanolett.5b02497,40:28:29.5:2.5,C12-200,42,,,mRNA,DOPE,C14-PEG2000,113,0.168,,NCCN1CCN(CCN(CC(O)CCCCCCCCCCCC)CC(O)CCCCCCCCCCCC)CC1CN(CC(O)CCCCCCCCCCCC)CN(CC(O)CCCCCCCCCCCC)CC(O)CCCCCCCCCCCC,LNP_Atlas_DB_202509_v1 원본 86행 [수리됨],,,,,,,
10.1101/2023.11.09.565872,45:20:34:1,SM-102,88,,,mRNA,DPPC,DMPE-PEG2000,78.7,,,CCCCCCCCCCCOC(=O)CCCCCN(CCCCCCCC(=O)OC(CCCCCCCC)CCCCCCCC)CCO,LNP_Atlas_DB_202509_v1 원본 874행,,,,,,,
10.1101/2023.11.09.565872,45:20:34:1,ALC-0315,84,,,mRNA,DPPC,DMPE-PEG2000,92.16,,,CCCCCCCCC(CCCCCC)C(=O)OCCCCCCN(CCCCCCOC(=O)C(CCCCCC)CCCCCCCC)CCCCO,LNP_Atlas_DB_202509_v1 원본 875행,,,,,,,
10.1101/2023.11.09.565872,45:20:34:1,Custom lipid,93,,,mRNA,DPPC,DMPE-PEG2000,85.05,,,,LNP_Atlas_DB_202509_v1 원본 876행,,,,,,,
10.1101/2023.11.09.565872,45:20:34:1,Custom lipid,91,,,mRNA,DPPC,DMPE-PEG2000,81.65,,,,LNP_Atlas_DB_202509_v1 원본 877행,,,,,,,
10.1101/2023.11.09.565872,45:20:34:1,Custom lipid,93,,,mRNA,DPPC,DMPE-PEG2000,93.4,,,,LNP_Atlas_DB_202509_v1 원본 878행,,,,,,,
10.1101/2023.11.09.565872,45:20:34:1,Custom lipid,90,,,mRNA,DPPC,DMPE-PEG2000,87.39,,,,LNP_Atlas_DB_202509_v1 원본 879행,,,,,,,
10.1021/acs.nanolett.5b02497,40:22:35.5:2.5,C12-200,55,,,mRNA,DSPC,C14-PEG2000,88,0.245,,NCCN1CCN(CCN(CC(O)CCCCCCCCCCCC)CC(O)CCCCCCCCCCCC)CC1CN(CC(O)CCCCCCCCCCCC)CN(CC(O)CCCCCCCCCCCC)CC(O)CCCCCCCCCCCC,LNP_Atlas_DB_202509_v1 원본 87행 [수리됨],,,,,,,
10.1101/2023.11.09.565872,45:20:34:1,Custom lipid,90,,,mRNA,DPPC,DMPE-PEG2000,87.48,,,,LNP_Atlas_DB_202509_v1 원본 880행,,,,,,,
10.1101/2023.11.09.565872,45:20:34:1,Custom lipid,78,,,mRNA,DPPC,DMPE-PEG2000,62.6,,,,LNP_Atlas_DB_202509_v1 원본 881행,,,,,,,
10.1021/acs.nanolett.1c01353,50:10:38.5:1.5,C12-200,95,,,siRNA,DSPC,PE-PEG2000,67.3,0.066,,NCCN1CCN(CCN(CC(O)CCCCCCCCCCCC)CC(O)CCCCCCCCCCCC)CC1CN(CC(O)CCCCCCCCCCCC)CN(CC(O)CCCCCCCCCCCC)CC(O)CCCCCCCCCCCC,LNP_Atlas_DB_202509_v1 원본 883행 [수리됨],,,,,,,
10.1021/acs.nanolett.1c01353,35:16:46.5:2.5,C12-200,81.1,,,mRNA,DOPE,PE-PEG2000,77.3,0.089,,NCCN1CCN(CCN(CC(O)CCCCCCCCCCCC)CC(O)CCCCCCCCCCCC)CC1CN(CC(O)CCCCCCCCCCCC)CN(CC(O)CCCCCCCCCCCC)CC(O)CCCCCCCCCCCC,LNP_Atlas_DB_202509_v1 원본 884행 [수리됨],,,,,,,
10.1021/acs.nanolett.5b02497,35:28:34:3,C12-200,46,,,mRNA,DSPC,C14-PEG2000,89,0.228,,NCCN1CCN(CCN(CC(O)CCCCCCCCCCCC)CC(O)CCCCCCCCCCCC)CC1CN(CC(O)CCCCCCCCCCCC)CN(CC(O)CCCCCCCCCCCC)CC(O)CCCCCCCCCCCC,LNP_Atlas_DB_202509_v1 원본 88행 [수리됨],,,,,,,
10.1021/acs.nanolett.5b02497,30:16:51.5:2.5,C12-200,24,,,mRNA,DOPE,C14-PEG2000,109,0.284,,NCCN1CCN(CCN(CC(O)CCCCCCCCCCCC)CC(O)CCCCCCCCCCCC)CC1CN(CC(O)CCCCCCCCCCCC)CN(CC(O)CCCCCCCCCCCC)CC(O)CCCCCCCCCCCC,LNP_Atlas_DB_202509_v1 원본 89행 [수리됨],,,,,,,
10.1021/acs.nanolett.5b02497,35:16:45.5:3.5,C12-200,40,,,mRNA,DSPC,C14-PEG2000,77,0.196,,NCCN1CCN(CCN(CC(O)CCCCCCCCCCCC)CC(O)CCCCCCCCCCCC)CC1CN(CC(O)CCCCCCCCCCCC)CN(CC(O)CCCCCCCCCCCC)CC(O)CCCCCCCCCCCC,LNP_Atlas_DB_202509_v1 원본 90행 [수리됨],,,,,,,
10.1101/2024.09.27.614859,50:38.5:10:1.5,SM-102,95,,,mRNA,DSPC,DMG-PEG2000,63.5,,,CCCCCCCCCCCOC(=O)CCCCCN(CCCCCCCC(=O)OC(CCCCCCCC)CCCCCCCC)CCO,LNP_Atlas_DB_202509_v1 원본 910행 [수리됨],,,,,,,
10.1038/s41434-022-00370-1,50:10:35:5,DLin-MC3-DMA,79,,,mRNA,DSPC,DMG-PEG2000,52,0.004,,CCCCC/C=C\C/C=C\CCCCCCCCC(OC(=O)CCCN(C)C)CCCCCCCC/C=C\C/C=C\CCCCC,LNP_Atlas_DB_202509_v1 원본 912행,,,,,,,
10.1038/s41434-022-00370-1,50:10:39.5:0.5,DLin-MC3-DMA,95,,,mRNA,DSPC,DMG-PEG2000,216,0.017,,CCCCC/C=C\C/C=C\CCCCCCCCC(OC(=O)CCCN(C)C)CCCCCCCC/C=C\C/C=C\CCCCC,LNP_Atlas_DB_202509_v1 원본 914행,,,,,,,
10.1021/acs.nanolett.5b02497,30:28:38.5:3.5,C12-200,42,,,mRNA,DOPE,C14-PEG2000,87,0.182,,NCCN1CCN(CCN(CC(O)CCCCCCCCCCCC)CC(O)CCCCCCCCCCCC)CC1CN(CC(O)CCCCCCCCCCCC)CN(CC(O)CCCCCCCCCCCC)CC(O)CCCCCCCCCCCC,LNP_Atlas_DB_202509_v1 원본 91행 [수리됨],,,,,,,
10.1073/pnas.2303567120,50:10:38.5:1.5,DLin-MC3-DMA,85,,,mRNA,DSPC,DMG-PEG2000,70,,,CCCCC/C=C\C/C=C\CCCCCCCCC(OC(=O)CCCN(C)C)CCCCCCCC/C=C\C/C=C\CCCCC,LNP_Atlas_DB_202509_v1 원본 921행 [수리됨],,,,,,,
10.1073/pnas.2303567120,50:10:38.5:1.5,DLin-MC3-DMA,85,,,mRNA,DSPC,DMG-PEG2000,70,,,CCCCC/C=C\C/C=C\CCCCCCCCC(OC(=O)CCCN(C)C)CCCCCCCC/C=C\C/C=C\CCCCC,LNP_Atlas_DB_202509_v1 원본 922행 [수리됨],,,,,,,
10.1073/pnas.2303567120,50:10:38.5:1.5,DLin-MC3-DMA,90,,,mRNA,DSPC,DMG-PEG2000,57.5,,,CCCCC/C=C\C/C=C\CCCCCCCCC(OC(=O)CCCN(C)C)CCCCCCCC/C=C\C/C=C\CCCCC,LNP_Atlas_DB_202509_v1 원본 923행 [수리됨],,,,,,,
10.1073/pnas.2303567120,50:10:38.5:1.5,DLin-MC3-DMA,90,,,mRNA,DSPC,DMG-PEG2000,52,,,CCCCC/C=C\C/C=C\CCCCCCCCC(OC(=O)CCCN(C)C)CCCCCCCC/C=C\C/C=C\CCCCC,LNP_Atlas_DB_202509_v1 원본 924행 [수리됨],,,,,,,
10.1073/pnas.2303567120,50:10:38.5:1.5,DLin-MC3-DMA,85,,,mRNA,DSPC,DMG-PEG2000,,,,CCCCC/C=C\C/C=C\CCCCCCCCC(OC(=O)CCCN(C)C)CCCCCCCC/C=C\C/C=C\CCCCC,LNP_Atlas_DB_202509_v1 원본 927행 [수리됨],,,,,,,
10.1073/pnas.2303567120,50:10:38.5:1.5,DLin-MC3-DMA,85,,,mRNA,DSPC,DMG-PEG2000,,,,CCCCC/C=C\C/C=C\CCCCCCCCC(OC(=O)CCCN(C)C)CCCCCCCC/C=C\C/C=C\CCCCC,LNP_Atlas_DB_202509_v1 원본 928행 [수리됨],,,,,,,
10.1021/acs.nanolett.5b02497,40:28:28.5:3.5,C12-200,32,,,mRNA,DOPE,C14-PEG2000,85,0.208,,NCCN1CCN(CCN(CC(O)CCCCCCCCCCCC)CC(O)CCCCCCCCCCCC)CC1CN(CC(O)CCCCCCCCCCCC)CN(CC(O)CCCCCCCCCCCC)CC(O)CCCCCCCCCCCC,LNP_Atlas_DB_202509_v1 원본 92행 [수리됨],,,,,,,
10.1073/pnas.2303567120,50:10:38.5:1.5,DLin-MC3-DMA,60,,,mRNA,DSPC,DMG-PEG2000,160,,,CCCCC/C=C\C/C=C\CCCCCCCCC(OC(=O)CCCN(C)C)CCCCCCCC/C=C\C/C=C\CCCCC,LNP_Atlas_DB_202509_v1 원본 930행 [수리됨],,,,,,,
10.1248/cpb.c24-00089,50:10:38.5:1.5,L202,35,,,mRNA,DSPC,DMG-PEG2000,77,0.05,,CCCCCCCCCCC(CCCCCCCCC(=O)OCCC(CCCCC)CCCCC)COC(=O)C1CCN(CC1)C,LNP_Atlas_DB_202509_v1 원본 931행,,,,,,,
10.1248/cpb.c24-00089,50:10:38.5:1.5,L202,96,,,mRNA,DSPC,DMG-PEG2000,83,0.121,,CCCCCCCCCCC(CCCCCCCCC(=O)OCCC(CCCCC)CCCCC)COC(=O)C1CCN(CC1)C,LNP_Atlas_DB_202509_v1 원본 932행,,,,,,,
10.1248/cpb.c24-00089,50:10:38.5:1.5,L202,96,,,mRNA,DSPC,DMG-PEG2000,77,0.081,,CCCCCCCCCCC(CCCCCCCCC(=O)OCCC(CCCCC)CCCCC)COC(=O)C1CCN(CC1)C,LNP_Atlas_DB_202509_v1 원본 933행,,,,,,,
10.1248/cpb.c24-00089,50:10:38.5:1.5,L202,97,,,mRNA,DSPC,DMG-PEG2000,200,0.058,,CCCCCCCCCCC(CCCCCCCCC(=O)OCCC(CCCCC)CCCCC)COC(=O)C1CCN(CC1)C,LNP_Atlas_DB_202509_v1 원본 934행,,,,,,,
10.1248/cpb.c24-00089,50:10:38.5:1.5,L202,97,,,mRNA,DSPC,DMG-PEG2000,186,0.072,,CCCCCCCCCCC(CCCCCCCCC(=O)OCCC(CCCCC)CCCCC)COC(=O)C1CCN(CC1)C,LNP_Atlas_DB_202509_v1 원본 935행,,,,,,,
10.1248/cpb.c24-00089,50:10:38.5:1.5,L202,96,,,mRNA,DSPC,DMG-PEG2000,81,0.109,,CCCCCCCCCCC(CCCCCCCCC(=O)OCCC(CCCCC)CCCCC)COC(=O)C1CCN(CC1)C,LNP_Atlas_DB_202509_v1 원본 936행,,,,,,,
10.1248/cpb.c24-00089,50:10:38.5:1.5,L202,96,,,mRNA,DSPC,DMG-PEG2000,109,0.053,,CCCCCCCCCCC(CCCCCCCCC(=O)OCCC(CCCCC)CCCCC)COC(=O)C1CCN(CC1)C,LNP_Atlas_DB_202509_v1 원본 937행,,,,,,,
10.1248/cpb.c24-00089,50:10:38.5:1.5,L202,92,,,mRNA,DSPC,DMG-PEG2000,139,0.057,,CCCCCCCCCCC(CCCCCCCCC(=O)OCCC(CCCCC)CCCCC)COC(=O)C1CCN(CC1)C,LNP_Atlas_DB_202509_v1 원본 938행,,,,,,,
10.1248/cpb.c24-00089,50:10:38.5:1.5,L202,97,,,mRNA,DSPC,DMG-PEG2000,199,0.062,,CCCCCCCCCCC(CCCCCCCCC(=O)OCCC(CCCCC)CCCCC)COC(=O)C1CCN(CC1)C,LNP_Atlas_DB_202509_v1 원본 939행,,,,,,,
10.1021/acs.nanolett.5b02497,35:22:40:3,C12-200,39,,,mRNA,DOPE,C14-PEG2000,96,0.154,,NCCN1CCN(CCN(CC(O)CCCCCCCCCCCC)CC(O)CCCCCCCCCCCC)CC1CN(CC(O)CCCCCCCCCCCC)CN(CC(O)CCCCCCCCCCCC)CC(O)CCCCCCCCCCCC,LNP_Atlas_DB_202509_v1 원본 93행 [수리됨],,,,,,,
10.1002/adma.201505822,35:16:46.5:2.5,cKK-E12,54,,,mRNA,DOPE,C14-PEG2000,83,0.217,,CCCCCCCCCCCC(O)CN1CCCCC(C(=O)NC2CCCCCNC(=O)C3N(CC(O)CCCCCCCCCCCC)CCC(CC3)N(CC(O)CCCCCCCCCCCC)CC(O)CCCCCCCCCCCC)C1,LNP_Atlas_DB_202509_v1 원본 940행,,,,,,,
10.1002/adma.201505822,35:16:46.5:2.5,Custom lipid,74,,,mRNA,DOPE,C14-PEG2000,92,0.147,,CCCCCCCCC/C=C\CCCCCCCC(O)CN1C(=O)C(CCCCN(CC(O)CCCCCCC/C=C\CCCCCCCCC)CC(O)CCCCCCC/C=C\CCCCCCCCC)NC(=O)C(CCCCN(CC(O)CCCCCCC/C=C\CCCCCCCCC)CC(O)CCCCCCC/C=C\CCCCCCCCC)N1,LNP_Atlas_DB_202509_v1 원본 941행,,,,,,,
10.1002/adma.201505822,35:16:46.5:2.5,Custom lipid,81,,,mRNA,DOPE,C14-PEG2000,78,0.194,,CCCCCCCCC/C=C/CCCCCCCC(O)CN1C(=O)C(CCCCN(CC(O)CCCCCCC/C=C/CCCCCCCCC)CC(O)CCCCCCC/C=C/CCCCCCCCC)NC(=O)C(CCCCN(CC(O)CCCCCCC/C=C/CCCCCCCCC)CC(O)CCCCCCC/C=C/CCCCCCCCC)N1,LNP_Atlas_DB_202509_v1 원본 942행,,,,,,,
10.1002/adma.201505822,35:16:46.5:2.5,OF-02,55,,,mRNA,DOPE,C14-PEG2000,122,0.13,,CCCCC/C=C\C/C=C\CCCCCCC(O)CN(CC(O)CCCCCC/C=C\C/C=C\CCCCC)CCCCC1NC(=O)C(NC1=O)CCCCN(CC(O)CCCCCC/C=C\C/C=C\CCCCC)CC(O)CCCCCC/C=C\C/C=C\CCCCC,LNP_Atlas_DB_202509_v1 원본 943행,,,,,,,
10.1002/adma.201505822,35:16:46.5:2.5,Custom lipid,76,,,mRNA,DOPE,C14-PEG2000,75,0.239,,CCC/C=C\C/C=C\C/C=C\CCCCCCCC(O)CN1C(=O)C(CCCCN(CC(O)CCCCCCC/C=C\C/C=C\C/C=C\CCC)CC(O)CCCCCCC/C=C\C/C=C\C/C=C\CCC)NC(=O)C(CCCCN(CC(O)CCCCCCC/C=C\C/C=C\C/C=C\CCC)CC(O)CCCCCCC/C=C\C/C=C\C/C=C\CCC)N1,LNP_Atlas_DB_202509_v1 원본 944행,,,,,,,
10.1038/s41467-020-16248-y,35:16:46.5:2.5,cKK-E12,65.5,,,mRNA,DOPE,C14-PEG2000,86.7,0.17,5.5,CCCCCCCCCCCC(O)CN1CCCCC(C(=O)NC2CCCCCNC(=O)C3N(CC(O)CCCCCCCCCCCC)CCC(CC3)N(CC(O)CCCCCCCCCCCC)CC(O)CCCCCCCCCCCC)C1,LNP_Atlas_DB_202509_v1 원본 945행,,,,,,,
10.1038/s41467-020-16248-y,35:16:46.5:2.5,Custom lipid,75.2,,,mRNA,DOPE,C14-PEG2000,85,0.1,1.1,,LNP_Atlas_DB_202509_v1 원본 946행,,,,,,,
10.1038/s41467-020-16248-y,35:16:46.5:2.5,Custom lipid,72.5,,,mRNA,DOPE,C14-PEG2000,99.5,0.07,2.1,CCCCCCCCCCCC(O)CN1CCCCC(C(=O)NC2CCCCCNC(=O)C3N(CC(O)CCCCCCCCCCCC)CCC(CC3)N(CC(O)CCCCCCCCCCCC)CC(O)CCCCCCCCCCCC)C1,LNP_Atlas_DB_202509_v1 원본 947행,,,,,,,
10.1038/s41587-019-0247-3,38.4615:17.5824:41.2088:2.74725,A2-Iso5-2DC18,77,,,mRNA,DOPE,C14-PEG2000,99.9,0.145,4.36,CCCCCCCC/C=C\CCCCCCCC1(N(C(N=C1)C(=O)OCC)CCCN2CCCC2)CCCCCCC/C=C\CCCCCCCC,LNP_Atlas_DB_202509_v1 원본 948행 [수리됨],,,,,,,
10.1038/s41587-019-0247-3,38.4615:17.5824:41.2088:2.74725,A12-Iso5-2DC18,68.4,,,mRNA,DOPE,C14-PEG2000,87.9,0.135,4.85,CCCCCCCC/C=C\CCCCCCCC1(N(C(N=C1)C(=O)OCC)CCCN(C)C)CCCCCCC/C=C\CCCCCCCC,LNP_Atlas_DB_202509_v1 원본 949행 [수리됨],,,,,,,
10.1021/acs.nanolett.5b02497,35:28:34.5:2.5,C12-200,58,,,mRNA,DSPC,C14-PEG2000,109,0.303,,NCCN1CCN(CCN(CC(O)CCCCCCCCCCCC)CC(O)CCCCCCCCCCCC)CC1CN(CC(O)CCCCCCCCCCCC)CN(CC(O)CCCCCCCCCCCC)CC(O)CCCCCCCCCCCC,LNP_Atlas_DB_202509_v1 원본 94행 [수리됨],,,,,,,
10.1038/s41587-019-0247-3,38.4615:17.5824:41.2088:2.74725,Custom lipid,61.2,,,mRNA,DOPE,C14-PEG2000,86.9,0.205,8.37,CCOC(=O)C1=NC(CCCCCCCCC=CCCCCCCCC)(CCCCCCCCC=CCCCCCCCC)CN1CCCN1CCCCC1,LNP_Atlas_DB_202509_v1 원본 950행 [수리됨],,,,,,,
10.1038/s41587-019-0247-3,38.4615:17.5824:41.2088:2.74725,Custom lipid,63.4,,,mRNA,DOPE,C14-PEG2000,89.6,0.159,4.54,CCOC(=O)C1=NC(CCCCCCCCC=CCCCCCCCC)(CCCCCCCCC=CCCCCCCCC)CN1CCCN1CC(C)CCC1CC,LNP_Atlas_DB_202509_v1 원본 951행 [수리됨],,,,,,,
10.1038/s41587-019-0247-3,38.4615:17.5824:41.2088:2.74725,A18-Iso5-2DC18,67.6,,,mRNA,DOPE,C14-PEG2000,95.9,0.166,6.41,CCCCCCCC/C=C\CCCCCCCC1(N(C(N=C1)C(=O)OCC)CCCN2C(CCCC2)CC)CCCCCCC/C=C\CCCCCCCC,LNP_Atlas_DB_202509_v1 원본 952행 [수리됨],,,,,,,
10.1038/s41587-019-0247-3,38.4615:17.5824:41.2088:2.74725,Custom lipid,61.2,,,mRNA,DOPE,C14-PEG2000,97.9,0.125,4.37,CCOC(=O)C1=NC(CCCCCCCCC=CCCCCCCCC)(CCCCCCCCC=CCCCCCCCC)CN1CCCN1CCCCCC1,LNP_Atlas_DB_202509_v1 원본 953행 [수리됨],,,,,,,
10.1038/s41587-019-0247-3,38.4615:17.5824:41.2088:2.74725,Custom lipid,67.2,,,mRNA,DOPE,C14-PEG2000,92.4,0.176,5.51,CCOC(=O)C1=NC(CCCCCCCCC=CCCCCCCCC)(CCCCCCCCC=CCCCCCCCC)CN1CCCN(CC)CC,LNP_Atlas_DB_202509_v1 원본 954행 [수리됨],,,,,,,
10.1038/s41587-019-0247-3,38.4615:17.5824:41.2088:2.74725,Custom lipid,67.5,,,mRNA,DOPE,C14-PEG2000,95.9,0.21,6.41,CCOC(=O)C1=NC(CCCCCCCCC=CCCCCCCCC)(CCCCCCCCC=CCCCCCCCC)CN1CCCN(CCCC)CCCC,LNP_Atlas_DB_202509_v1 원본 955행 [수리됨],,,,,,,
10.1038/s41587-019-0247-3,38.4615:17.5824:41.2088:2.74725,Custom lipid,67.8,,,mRNA,DOPE,C14-PEG2000,92.3,0.197,5.36,CCOC(=O)C1=NC(CCCCCCCCC=CCCCCCCCC)(CCCCCCCCC=CCCCCCCCC)CN1CCCN(CCC)CCC,LNP_Atlas_DB_202509_v1 원본 956행 [수리됨],,,,,,,
10.1038/s41587-019-0247-3,38.4615:17.5824:41.2088:2.74725,DLin-MC3-DMA,50,,,mRNA,DOPE,C14-PEG2000,80,0.3,,CCCCC/C=C\C/C=C\CCCCCCCCC(OC(=O)CCCN(C)C)CCCCCCCC/C=C\C/C=C\CCCCC,LNP_Atlas_DB_202509_v1 원본 957행 [수리됨],,,,,,,
10.1038/s41587-019-0247-3,45:10:42.5:2.5,A2-Iso5-2DC18,45.5,,,mRNA,DOPE,C14-PEG2000,87.6,0.2,,CCCCCCCC/C=C\CCCCCCCC1(N(C(N=C1)C(=O)OCC)CCCN2CCCC2)CCCCCCC/C=C\CCCCCCCC,LNP_Atlas_DB_202509_v1 원본 958행 [수리됨],,,,,,,
10.1038/s41587-019-0247-3,35:25:37.5:2.5,A2-Iso5-2DC18,61.3,,,mRNA,DOPE,C14-PEG2000,99.9,0.1,,CCCCCCCC/C=C\CCCCCCCC1(N(C(N=C1)C(=O)OCC)CCCN2CCCC2)CCCCCCC/C=C\CCCCCCCC,LNP_Atlas_DB_202509_v1 원본 959행 [수리됨],,,,,,,
10.1021/acs.nanolett.5b02497,35:16:46.5:2.5,C12-200,44,,,mRNA,DOPE,C14-PEG2000,89,0.174,,NCCN1CCN(CCN(CC(O)CCCCCCCCCCCC)CC(O)CCCCCCCCCCCC)CC1CN(CC(O)CCCCCCCCCCCC)CN(CC(O)CCCCCCCCCCCC)CC(O)CCCCCCCCCCCC,LNP_Atlas_DB_202509_v1 원본 95행 [수리됨],,,,,,,
10.1038/s41587-019-0247-3,50:16:32.5:1.5,A2-Iso5-2DC18,55.3,,,mRNA,DOPE,C14-PEG2000,76.9,0.2,,CCCCCCCC/C=C\CCCCCCCC1(N(C(N=C1)C(=O)OCC)CCCN2CCCC2)CCCCCCC/C=C\CCCCCCCC,LNP_Atlas_DB_202509_v1 원본 960행 [수리됨],,,,,,,
10.1038/s41587-019-0247-3,50:16:31.1:2.9,A2-Iso5-2DC18,60.6,,,mRNA,DOPE,C14-PEG2000,101,0.2,,CCCCCCCC/C=C\CCCCCCCC1(N(C(N=C1)C(=O)OCC)CCCN2CCCC2)CCCCCCC/C=C\CCCCCCCC,LNP_Atlas_DB_202509_v1 원본 961행 [수리됨],,,,,,,
10.1038/s41587-019-0247-3,50:16:32.5:1.5,A2-Iso5-2DC18,25.5,,,mRNA,DOPE,C14-PEG2000,259.6,0.3,,CCCCCCCC/C=C\CCCCCCCC1(N(C(N=C1)C(=O)OCC)CCCN2CCCC2)CCCCCCC/C=C\CCCCCCCC,LNP_Atlas_DB_202509_v1 원본 962행 [수리됨],,,,,,,
10.1038/s41587-019-0247-3,35:7:57.5:0.5,A2-Iso5-2DC18,64.7,,,mRNA,DOPE,C14-PEG2000,115.9,0.3,,CCCCCCCC/C=C\CCCCCCCC1(N(C(N=C1)C(=O)OCC)CCCN2CCCC2)CCCCCCC/C=C\CCCCCCCC,LNP_Atlas_DB_202509_v1 원본 963행 [수리됨],,,,,,,
10.1038/s41587-019-0247-3,65:7:27.5:0.5,A2-Iso5-2DC18,57.9,,,mRNA,DOPE,C14-PEG2000,137.9,0.2,,CCCCCCCC/C=C\CCCCCCCC1(N(C(N=C1)C(=O)OCC)CCCN2CCCC2)CCCCCCC/C=C\CCCCCCCC,LNP_Atlas_DB_202509_v1 원본 964행 [수리됨],,,,,,,
10.1038/s41587-019-0247-3,65:25:7.5:2.5,A2-Iso5-2DC18,22.5,,,mRNA,DOPE,C14-PEG2000,167.9,0.2,,CCCCCCCC/C=C\CCCCCCCC1(N(C(N=C1)C(=O)OCC)CCCN2CCCC2)CCCCCCC/C=C\CCCCCCCC,LNP_Atlas_DB_202509_v1 원본 965행 [수리됨],,,,,,,
10.1038/s41587-019-0247-3,50:16:32.5:1.5,A2-Iso5-2DC18,96.4,,,mRNA,DOPE,C14-PEG2000,122.4,0.3,,CCCCCCCC/C=C\CCCCCCCC1(N(C(N=C1)C(=O)OCC)CCCN2CCCC2)CCCCCCC/C=C\CCCCCCCC,LNP_Atlas_DB_202509_v1 원본 966행 [수리됨],,,,,,,
10.1038/s41587-019-0247-3,50:16:32.5:1.5,A2-Iso5-2DC18,59.5,,,mRNA,DOPE,C14-PEG2000,95.9,0.2,,CCCCCCCC/C=C\CCCCCCCC1(N(C(N=C1)C(=O)OCC)CCCN2CCCC2)CCCCCCC/C=C\CCCCCCCC,LNP_Atlas_DB_202509_v1 원본 967행 [수리됨],,,,,,,
10.1038/s41587-019-0247-3,71.2:16:11.3:1.5,A2-Iso5-2DC18,56.4,,,mRNA,DOPE,C14-PEG2000,72.3,0.2,,CCCCCCCC/C=C\CCCCCCCC1(N(C(N=C1)C(=O)OCC)CCCN2CCCC2)CCCCCCC/C=C\CCCCCCCC,LNP_Atlas_DB_202509_v1 원본 968행 [수리됨],,,,,,,
10.1038/s41587-019-0247-3,50:16:32.5:1.5,A2-Iso5-2DC18,68.1,,,mRNA,DOPE,C14-PEG2000,94,0.2,,CCCCCCCC/C=C\CCCCCCCC1(N(C(N=C1)C(=O)OCC)CCCN2CCCC2)CCCCCCC/C=C\CCCCCCCC,LNP_Atlas_DB_202509_v1 원본 969행 [수리됨],,,,,,,
10.1021/acs.nanolett.5b02497,30:22:44.5:3.5,C12-200,57,,,mRNA,DSPC,C14-PEG2000,74,0.328,,NCCN1CCN(CCN(CC(O)CCCCCCCCCCCC)CC(O)CCCCCCCCCCCC)CC1CN(CC(O)CCCCCCCCCCCC)CN(CC(O)CCCCCCCCCCCC)CC(O)CCCCCCCCCCCC,LNP_Atlas_DB_202509_v1 원본 96행 [수리됨],,,,,,,
10.1038/s41587-019-0247-3,28.8:16:53.7:1.5,A2-Iso5-2DC18,64.3,,,mRNA,DOPE,C14-PEG2000,84.9,0.2,,CCCCCCCC/C=C\CCCCCCCC1(N(C(N=C1)C(=O)OCC)CCCN2CCCC2)CCCCCCC/C=C\CCCCCCCC,LNP_Atlas_DB_202509_v1 원본 970행 [수리됨],,,,,,,
10.1038/s41587-019-0247-3,65:7:25.5:2.5,A2-Iso5-2DC18,57.2,,,mRNA,DOPE,C14-PEG2000,127.8,0.2,,CCCCCCCC/C=C\CCCCCCCC1(N(C(N=C1)C(=O)OCC)CCCN2CCCC2)CCCCCCC/C=C\CCCCCCCC,LNP_Atlas_DB_202509_v1 원본 971행 [수리됨],,,,,,,
10.1038/s41587-019-0247-3,50:16:32.5:1.5,A2-Iso5-2DC18,57.5,,,mRNA,DOPE,C14-PEG2000,84.9,0.2,,CCCCCCCC/C=C\CCCCCCCC1(N(C(N=C1)C(=O)OCC)CCCN2CCCC2)CCCCCCC/C=C\CCCCCCCC,LNP_Atlas_DB_202509_v1 원본 972행 [수리됨],,,,,,,
10.1038/s41587-019-0247-3,35:7:55.5:2.5,A2-Iso5-2DC18,65.2,,,mRNA,DOPE,C14-PEG2000,108.7,0.1,,CCCCCCCC/C=C\CCCCCCCC1(N(C(N=C1)C(=O)OCC)CCCN2CCCC2)CCCCCCC/C=C\CCCCCCCC,LNP_Atlas_DB_202509_v1 원본 973행 [수리됨],,,,,,,
10.1038/s41587-019-0247-3,50:1.5:45.2:3.3,A2-Iso5-2DC18,21.7,,,mRNA,DOPE,C14-PEG2000,94.9,0.3,,CCCCCCCC/C=C\CCCCCCCC1(N(C(N=C1)C(=O)OCC)CCCN2CCCC2)CCCCCCC/C=C\CCCCCCCC,LNP_Atlas_DB_202509_v1 원본 974행 [수리됨],,,,,,,
10.1038/s41587-019-0247-3,50:16:32.5:1.5,A2-Iso5-2DC18,70.2,,,mRNA,DOPE,C14-PEG2000,91.8,0.2,,CCCCCCCC/C=C\CCCCCCCC1(N(C(N=C1)C(=O)OCC)CCCN2CCCC2)CCCCCCC/C=C\CCCCCCCC,LNP_Atlas_DB_202509_v1 원본 975행 [수리됨],,,,,,,
10.1038/s41587-019-0247-3,35:25:39.5:0.5,A2-Iso5-2DC18,53.9,,,mRNA,DOPE,C14-PEG2000,129.4,0.2,,CCCCCCCC/C=C\CCCCCCCC1(N(C(N=C1)C(=O)OCC)CCCN2CCCC2)CCCCCCC/C=C\CCCCCCCC,LNP_Atlas_DB_202509_v1 원본 976행 [수리됨],,,,,,,
10.1038/s41587-019-0247-3,50:28.7:19.8:1.5,A2-Iso5-2DC18,41.3,,,mRNA,DOPE,C14-PEG2000,83.2,0.3,,CCCCCCCC/C=C\CCCCCCCC1(N(C(N=C1)C(=O)OCC)CCCN2CCCC2)CCCCCCC/C=C\CCCCCCCC,LNP_Atlas_DB_202509_v1 원본 977행 [수리됨],,,,,,,
10.1038/s41587-019-0247-3,65:25:9.5:0.5,A2-Iso5-2DC18,98.9,,,mRNA,DOPE,C14-PEG2000,110.7,0.1,,CCCCCCCC/C=C\CCCCCCCC1(N(C(N=C1)C(=O)OCC)CCCN2CCCC2)CCCCCCC/C=C\CCCCCCCC,LNP_Atlas_DB_202509_v1 원본 978행 [수리됨],,,,,,,
10.1038/s41587-019-0247-3,50:16:33.9:0.1,A2-Iso5-2DC18,9.4,,,mRNA,DOPE,C14-PEG2000,154.9,0.1,,CCCCCCCC/C=C\CCCCCCCC1(N(C(N=C1)C(=O)OCC)CCCN2CCCC2)CCCCCCC/C=C\CCCCCCCC,LNP_Atlas_DB_202509_v1 원본 979행 [수리됨],,,,,,,
10.1021/acs.nanolett.5b02497,35:22:39.5:3.5,C12-200,35,,,mRNA,DOPE,C14-PEG2000,93,0.205,,NCCN1CCN(CCN(CC(O)CCCCCCCCCCCC)CC(O)CCCCCCCCCCCC)CC1CN(CC(O)CCCCCCCCCCCC)CN(CC(O)CCCCCCCCCCCC)CC(O)CCCCCCCCCCCC,LNP_Atlas_DB_202509_v1 원본 97행 [수리됨],,,,,,,
10.1038/s41587-019-0247-3,35:16:46.5:2.5,A2-Iso5-2DC18,60.3,,,mRNA,DOPE,C14-PEG2000,102.5,0.2,,CCCCCCCC/C=C\CCCCCCCC1(N(C(N=C1)C(=O)OCC)CCCN2CCCC2)CCCCCCC/C=C\CCCCCCCC,LNP_Atlas_DB_202509_v1 원본 980행 [수리됨],,,,,,,
10.1038/s41587-019-0247-3,50:25:23.5:1.5,A2-Iso5-2DC18,79,,,mRNA,DOPE,C14-PEG2000,119.8,0.3,,CCCCCCCC/C=C\CCCCCCCC1(N(C(N=C1)C(=O)OCC)CCCN2CCCC2)CCCCCCC/C=C\CCCCCCCC,LNP_Atlas_DB_202509_v1 원본 981행 [수리됨],,,,,,,
10.1038/s41587-019-0247-3,35:16:46.5:2.5,A2-Iso5-2DC18,60.3,,,mRNA,DOPE,C14-PEG2000,102.5,0.2,,CCCCCCCC/C=C\CCCCCCCC1(N(C(N=C1)C(=O)OCC)CCCN2CCCC2)CCCCCCC/C=C\CCCCCCCC,LNP_Atlas_DB_202509_v1 원본 982행 [수리됨],,,,,,,
10.1038/s41587-019-0247-3,35:16:46.5:2.5,A2-Iso5-2DC18,50.4,,,mRNA,DOPE,C14-PEG2000,110.6,0.1,,CCCCCCCC/C=C\CCCCCCCC1(N(C(N=C1)C(=O)OCC)CCCN2CCCC2)CCCCCCC/C=C\CCCCCCCC,LNP_Atlas_DB_202509_v1 원본 983행 [수리됨],,,,,,,
10.1038/s41587-019-0247-3,35:25:37.5:2.5,A2-Iso5-2DC18,60.3,,,mRNA,DOPE,C14-PEG2000,105.5,0.2,,CCCCCCCC/C=C\CCCCCCCC1(N(C(N=C1)C(=O)OCC)CCCN2CCCC2)CCCCCCC/C=C\CCCCCCCC,LNP_Atlas_DB_202509_v1 원본 984행 [수리됨],,,,,,,
10.1038/s41587-019-0247-3,35:28:34.5:2.5,A2-Iso5-2DC18,45.5,,,mRNA,DOPE,C14-PEG2000,108.6,0.2,,CCCCCCCC/C=C\CCCCCCCC1(N(C(N=C1)C(=O)OCC)CCCN2CCCC2)CCCCCCC/C=C\CCCCCCCC,LNP_Atlas_DB_202509_v1 원본 985행 [수리됨],,,,,,,
10.1038/s41587-019-0247-3,35:20:42.5:2.5,A2-Iso5-2DC18,54.5,,,mRNA,DOPE,C14-PEG2000,112.5,0.1,,CCCCCCCC/C=C\CCCCCCCC1(N(C(N=C1)C(=O)OCC)CCCN2CCCC2)CCCCCCC/C=C\CCCCCCCC,LNP_Atlas_DB_202509_v1 원본 986행 [수리됨],,,,,,,
10.1038/s41587-019-0247-3,50:10:37.5:2.5,A2-Iso5-2DC18,75.5,,,mRNA,DOPE,C14-PEG2000,94.8,0.1,,CCCCCCCC/C=C\CCCCCCCC1(N(C(N=C1)C(=O)OCC)CCCN2CCCC2)CCCCCCC/C=C\CCCCCCCC,LNP_Atlas_DB_202509_v1 원본 987행 [수리됨],,,,,,,
10.1038/s41587-019-0247-3,45:16:36.5:2.5,A2-Iso5-2DC18,76.5,,,mRNA,DOPE,C14-PEG2000,115.6,0.2,,CCCCCCCC/C=C\CCCCCCCC1(N(C(N=C1)C(=O)OCC)CCCN2CCCC2)CCCCCCC/C=C\CCCCCCCC,LNP_Atlas_DB_202509_v1 원본 988행 [수리됨],,,,,,,
10.1038/s41587-019-0247-3,45:10:42.5:2.5,A2-Iso5-2DC18,45.5,,,mRNA,DOPE,C14-PEG2000,87.6,0.2,,CCCCCCCC/C=C\CCCCCCCC1(N(C(N=C1)C(=O)OCC)CCCN2CCCC2)CCCCCCC/C=C\CCCCCCCC,LNP_Atlas_DB_202509_v1 원본 989행 [수리됨],,,,,,,
10.1021/acs.nanolett.5b02497,30:16:51:3,C12-200,38,,,mRNA,DOPE,C14-PEG2000,77,0.198,,NCCN1CCN(CCN(CC(O)CCCCCCCCCCCC)CC(O)CCCCCCCCCCCC)CC1CN(CC(O)CCCCCCCCCCCC)CN(CC(O)CCCCCCCCCCCC)CC(O)CCCCCCCCCCCC,LNP_Atlas_DB_202509_v1 원본 98행 [수리됨],,,,,,,
10.1038/s41587-019-0247-3,35:16:47.5:1.5,A2-Iso5-2DC18,55.5,,,mRNA,DOPE,C14-PEG2000,140.6,0.1,,CCCCCCCC/C=C\CCCCCCCC1(N(C(N=C1)C(=O)OCC)CCCN2CCCC2)CCCCCCC/C=C\CCCCCCCC,LNP_Atlas_DB_202509_v1 원본 990행 [수리됨],,,,,,,
10.1038/s41587-019-0247-3,35:16:46.2:2.8,A2-Iso5-2DC18,65.6,,,mRNA,DOPE,C14-PEG2000,88.6,0.2,,CCCCCCCC/C=C\CCCCCCCC1(N(C(N=C1)C(=O)OCC)CCCN2CCCC2)CCCCCCC/C=C\CCCCCCCC,LNP_Atlas_DB_202509_v1 원본 991행 [수리됨],,,,,,,
10.1073/pnas.0910603106,50:10:38.5:1.5,C12-200,90,,,siRNA,DSPC,DMG-PEG2000,80,,,NCCN1CCN(CCN(CC(O)CCCCCCCCCCCC)CC(O)CCCCCCCCCCCC)CC1CN(CC(O)CCCCCCCCCCCC)CN(CC(O)CCCCCCCCCCCC)CC(O)CCCCCCCCCCCC,LNP_Atlas_DB_202509_v1 원본 994행,,,,,,,
10.1073/pnas.0910603106,50:10:38.5:1.5,C12-200,90,,,siRNA,DSPC,DMG-PEG2000,80,,,NCCN1CCN(CCN(CC(O)CCCCCCCCCCCC)CC(O)CCCCCCCCCCCC)CC1CN(CC(O)CCCCCCCCCCCC)CN(CC(O)CCCCCCCCCCCC)CC(O)CCCCCCCCCCCC,LNP_Atlas_DB_202509_v1 원본 995행,,,,,,,
10.1073/pnas.0910603106,50:10:38.5:1.5,C12-200,90,,,siRNA,DSPC,DMG-PEG2000,80,,,NCCN1CCN(CCN(CC(O)CCCCCCCCCCCC)CC(O)CCCCCCCCCCCC)CC1CN(CC(O)CCCCCCCCCCCC)CN(CC(O)CCCCCCCCCCCC)CC(O)CCCCCCCCCCCC,LNP_Atlas_DB_202509_v1 원본 996행,,,,,,,
10.1021/acs.nanolett.5b02497,30:28:39:3,C12-200,60,,,mRNA,DSPC,C14-PEG2000,86,0.287,,NCCN1CCN(CCN(CC(O)CCCCCCCCCCCC)CC(O)CCCCCCCCCCCC)CC1CN(CC(O)CCCCCCCCCCCC)CN(CC(O)CCCCCCCCCCCC)CC(O)CCCCCCCCCCCC,LNP_Atlas_DB_202509_v1 원본 99행 [수리됨],,,,,,,
10.1126/sciadv.aea5433,50:10:38.5:1.5,SM-102,78,,,mRNA,DSPC,DMG-PEG2000,,,,CCCCCCCCCCCOC(=O)CCCCCN(CCCCCCCC(=O)OC(CCCCCCCC)CCCCCCCC)CCO,,text,medium," Am80-loaded NPs To prepare the Am80-LNPs, Am80 (stock: 50 mg/ml in ethanol) was mixed with lipids in ethanol at a molar ratio of 50:10:38.5:1.5 (SM-1  ⟶EE근거: ation of Am80 loaded in LNPs and PLGA NPs are 4.7 ± 0.8 and 4.2 ± 0.6 mg/ml, respectively ( Fig. 1E ). These values correspond to encapsulation effici",Am80-lipid nanoparticles serve as an enteric mucosal adjuvant following parenteral immunization with inactivated polio v,,13232564,FALSE
10.1186/s12951-026-04557-1,46.3:9.4:42.7:1.6,ALC-0315,94,,,mRNA,DSPC,,,,,CCCCCCCCC(CCCCCC)C(=O)OCCCCCCN(CCCCCCOC(=O)C(CCCCCC)CCCCCCCC)CCCCO,,text,medium," Briefly, circRNA in acidic buffer (pH 4.0) was mixed with an ethanol-based lipid solution (ALC-0315:DSPC: Cholesterol: ALC-0519, 46.3:9.4:42.7:1.6 mo  ⟶EE근거:  (Fig. 1 B-C). The two circRNA constructs (cirBA and cirAM) were successfully encapsulated in lipid nanoparticles (LNPs), and the encapsulation effici",Circular RNA vaccines encoding fusion proteins of Mpox Virus A35R-M1R and B6R-A29L induce robust and durable protective ,,13393767,TRUE
10.1016/j.virusres.2026.199735,50:10:38.5:1.5,SM-102,97.92,,,mRNA,DSPC,,,,,CCCCCCCCCCCOC(=O)CCCCCN(CCCCCCCC(=O)OC(CCCCCCCC)CCCCCCCC)CCO,,text,medium," into LNPs using a microfluidic mixing process with an ionizable lipid SM-102 formulation (SM-102: DSPC: cholesterol: PEG-lipid = 50:10:38.5:1.5 molar  ⟶EE근거: lydispersity indices (PDI: 0.019 and 0.063). The Mock-LNP displayed a diameter of 70.36 nm with a PDI of 0.127. Furthermore, high encapsulation effici",Development and protective evaluation of mRNA vaccines encoding the glycoprotein precursor of lymphocytic choriomeningit,,13146547,TRUE
10.3390/pharmaceutics18040509,50:10:38.5:1.5,DLin-MC3-DMA,76.25,,,mRNA,DSPE,DSPE-PEG,,,,CCCCC/C=C\C/C=C\CCCCCCCCC(OC(=O)CCCN(C)C)CCCCCCCC/C=C\C/C=C\CCCCC,,text,medium," organic phase consisted of ionizable lipid, cholesterol, DSPC, and DMG-PEG2000 dissolved in absolute ethanol at a molar ratio of 50:38.5:10:1.5, with  ⟶EE근거: ffected the drug-loading performance of the LNPs, the encapsulation efficiency was further determined. Figure 2 D showed that the encapsulation effici",Microfluidic Fabrication of Alendronate-Modified Lipid Nanoparticles for Bone-Targeted mRNA Delivery,,13119758,FALSE
10.1021/acsomega.5c13457,50:10:38.5:1.5,MC3,27.3,,,mRNA,DSPC,DMG-PEG,,,,CCCCC/C=C\C/C=C\CCCCCCCCC(OC(=O)CCCN(C)C)CCCCCCCC/C=C\C/C=C\CCCCC,,text,medium, previously described. The composition of LNPs was calculated for total lipid amounts for 20 mM formulations with molar ratios of 50:38.5:10:1.5 for D  ⟶EE근거: a mass of 10–15 mg total lipid during loading ( Figure A). These conditions achieved coloaded MMAE-siRNA LNPs (MMAE-LNPs) with an encapsulation effici,Delivery of Monomethyl Auristatin E Using Ionizable Lipid Nanoparticles for B‑Cell Acute Lymphoblastic Leukemia Treatmen,,13261410,FALSE
10.3390/pharmaceutics18060660,32.8:16.4:49.3:1.5,MC3,50,,,mRNA,DPPC,DMG-PEG2000,,,,CCCCC/C=C\C/C=C\CCCCCCCCC(OC(=O)CCCN(C)C)CCCCCCCC/C=C\C/C=C\CCCCC,,text,medium," with the optimal ratio shifting based on ionizable lipid content. Notably, formulation IX (Dlin-MC3-DMA:DOTAP:DPPC:DMG-PEG2000 = 32.8:16.4:49.3:1.5)   ⟶EE근거: e 3 D). Particle size remained virtually unchanged after 14 days of storage at 4 °C, indicating good stability ( Figure 3 E). The encapsulation effici",A Lung-Targeted Lipid Nanoparticle System Delivers miRNA to Suppress Colorectal Cancer Pulmonary Metastases,,13304923,TRUE
10.1039/d5ra08835f,50:10:38.5:1.5,MC3,90,,,mRNA,DSPC,DMG-PEG2000,,,,CCCCC/C=C\C/C=C\CCCCCCCCC(OC(=O)CCCN(C)C)CCCCCCCC/C=C\C/C=C\CCCCC,,text,medium," Z )-12-(( Z )-dec-4-en-1-yl)docosa-6,16-dien-11-yl 5-(dimethylamino)pentanoate, along with DSPC, cholesterol, and PEG-lipid in a 50 : 10 : 38.5 : 1.5  ⟶EE근거: lysis were carried out using Bruker MetaboScape (version 2025b) and Bruker DataAnalysis (version 6.2). Results Ribogreen for mRNA encapsulation effici",Gauging lipid vulnerabilities in mRNA-LNPs under various environmental stressors through TIMS-TOF analysis,,13067105,FALSE
10.1038/s41541-026-01441-9,50:10:38.5:1.5,Lipid 5,80,,,mRNA,DSPC,DMG-PEG2000,,,,CCCCCCCCCOC(=O)CCCCCCCN(CCCCCCCC(=O)OC(CCCCCCCC)CCCCCCCC)CCO,,text,medium,", #850365P-500MG] were purchased from Sigma-Aldrich. For the LNP formulation, lipids were dissolved in ethanol at molar ratios of 50:38.5:10:1.5 (ioni  ⟶EE근거: 1.5, maintaining the same composition as that of the Moderna Spikevax vaccine, except for the ionizable lipid. Twenty LNPs with > 80% mRNA encapsulati",A poorly reactogenic lipid nanoparticle-mRNA vaccine unveils an innate immune pathway for adverse reactions,,13323985,FALSE
10.1021/acs.analchem.5c07348,50:10:38.5:1.5,SM-102,80,,,mRNA,DSPC,DMG-PEG2000,,,,CCCCCCCCCCCOC(=O)CCCCCN(CCCCCCCC(=O)OC(CCCCCCCC)CCCCCCCC)CCO,,text,medium,"503 were prepared using the ethanol injection method. Briefly, an ethanol stock solution containing SM-102/CHOL/DSPC/DMG-PEG2000 (50:38.5:10:1.5 mol %  ⟶EE근거: dynamic diameter below 200 nm, a low polydispersity index (PDI < 0.2), and an approximately neutral pH. In both formulations, the encapsulation effici",Multiplex Detection and Quantification of miRNAs in Drug Delivery Systems Using a Signal-Off Electrochemical Platform,,13177283,TRUE
10.1186/s12951-026-04469-0,50:10:38.5:1.5,DLin-MC3-DMA,95.1,,,mRNA,DOPE,DMG-PEG,,,,CCCCC/C=C\C/C=C\CCCCCCCCC(OC(=O)CCCN(C)C)CCCCCCCC/C=C\C/C=C\CCCCC,,text,medium,"at 4 °C. For the organic phase, lipids were combined in ethanol at a molar ratio of DLin-MC3-DMA: DOPE: cholesterol: DMG-PEG 2K = 50:10:38.5:1.5 and b  ⟶EE근거:  and the PEGylated lipid (DMG-PEG 2K ), assembled according to an established protocol [ 31 ]. This approach yielded a high siRNA encapsulation effici",Biomimetic PD-1 macrophage nanoplatform for Cip2a silencing and immune activation in oral squamous cell carcinoma,,13274171,FALSE
10.1016/j.mtbio.2026.103059,50:5:40:5,,96.7,,,siRNA,DSPE,DSPE-PEG,,,,,,text,medium,"C:Chol:GalNAc-PEG 2000 -DSPE = 50:10:40:0 (molar ratio). As for GalNAc-LNP-siMKK4, it was DOTAP:DSPC:Chol:GalNAc-PEG 2000 -DSPE = 50:5:40:5 (molar rat  ⟶EE근거: s staining ( Fig. 2 h) confirmed that the gene vectors exhibited low cytotoxicity to the cultured hepatocytes in vitro . The gene encapsulation effici",Dual targeted gene delivery strategy mediated by GalNAc-modified lipid nanoparticles enhances liver regeneration through,,13067123,FALSE
10.64898/2026.07.21.737377,50:10:38.5:1.5,MC3,95,,,mRNA,DSPC,DMG-PEG,,,,CCCCC/C=C\C/C=C\CCCCCCCCC(OC(=O)CCCN(C)C)CCCCCCCC/C=C\C/C=C\CCCCC,,text,low,"ce co-loaded LNPs, we employed an Onpattro-based formulation 54 consisting of MC3/DSPC/cholesterol/DMG-PEG 2k at a molar ratio of 50/10/38.5/1.5 in et  ⟶EE근거: how the two factors of (i) electrostatic attraction between eLNPs and RNAs and (ii) lipid mobility can be tuned to achieve at 80%−95% encapsulation ef",Post-loading ribonucleic acid into lipid nanoparticle carriers,,13419738,TRUE
10.1186/s43556-026-00474-9,46.3:9.4:42.7:1.6,ALC-0315,92.2,,,mRNA,DSPC,,,,,CCCCCCCCC(CCCCCC)C(=O)OCCCCCCN(CCCCCCOC(=O)C(CCCCCC)CCCCCCCC)CCCCO,,text,medium,"circRNA in acidic buffer (pH 4.0) was mixed with an ethanol-based lipid solution (ALC-0315:DSPC:Cholesterol:ALC-0519, molar ratio 46.3:9.4:42.7:1.6) v  ⟶EE근거: rEV and cirMV, were encapsulated in lipid nanoparticles (LNPs) to generate two multi-antigen vaccine formulations (Fig. 1 b). The encapsulation effici",CircRNA based bi-antigen vaccines against mpox virus induce potent and durable cross-protection in mice,,13219560,FALSE
10.1016/j.ymthe.2024.12.019,50:10:38.5:1.5,MC3,97,,,mRNA,DSPC,DMG-PEG2000,,,,CCCCC/C=C\C/C=C\CCCCCCCCC(OC(=O)CCCN(C)C)CCCCCCCC/C=C\C/C=C\CCCCC,,text,medium,"cision Nanosystems, Vancouver, BC) as previously described. 44 , 45 In brief, lipids were dissolved in ethanol at molar ratios of 50:38.5:10:1.5 (Dlin  ⟶EE근거: cterized for particle size by dynamic light scattering (DLS) with a diameter of 74.1 nm and polydisperse index (PDI) of 0.21. The encapsulation effici",mRNA-LNPs induce immune activation and cytokine release in human whole blood assays across diverse health conditions,,12172169,FALSE
10.1080/10717544.2026.2637266,50:10:38.5:1.2,SM102,95,,,mRNA,DSPC,DSPE-PEG2000,,,,CCCCCCCCCCCOC(=O)CCCCCN(CCCCCCCC(=O)OC(CCCCCCCC)CCCCCCCC)CCO,,text,medium,"e ethanol phase was prepared by combining ionizable lipid (SM102 or MC3), DSPC, cholesterol, DMG-PEG2000, and DSPE-PEG2000-MAL in 50:10:38.5:1.2:0.3 m  ⟶EE근거: between –3.0 and –3.8 mV, suggesting minimal effect on surface charge. Encapsulation efficiency across all formulations are above 95%, although the en",Lipid nanoparticles with aptamers enable targeted mRNA delivery to CD4⁺ T cells,,12951662,TRUE
10.3390/pharmaceutics18040489,50:10:38.5:1.5,SM102,94,,,mRNA,DSPC,,,,,CCCCCCCCCCCOC(=O)CCCCCN(CCCCCCCC(=O)OC(CCCCCCCC)CCCCCCCC)CCO,,text,medium,"escribed lipid content of the mRNA LNP vaccine is based on the ionizable lipid, a helper lipid, cholesterol, and a PEG lipid at a 50:10:38.5:1.5 mol%   ⟶EE근거: veloped to support comparability and method validation, including the NRC’s LNP-2, a siRNA-loaded LNP preparation with a reported entrapment efficienc",Industrial Perspective on the Manufacturing of Lipid Nanoparticles for Nucleic Acid Delivery,,13119070,FALSE
10.1016/j.xcrm.2026.102634,75:22:03,,99,,,mRNA,DSPE,DSPE-PEG,,,,,,text,medium,"gorous stirring. The product was future separated on silica with gradient elution from CH 2 Cl 2 to CH 2 Cl 2 : MeOH:NH 4 OH with 75:22:3 (v/v). LNP c  ⟶EE근거: se LNPs. 35 Last, we conducted a RiboGreen (RNA detection) assay that showed that both eGLP-LNPs and unconjugated LNPs displayed ∼99% mRNA encapsulati",Messenger RNA delivery to islet β cells using conjugated lipid nanoparticles,,13006438,FALSE
10.1016/j.mtbio.2026.103260,50:10:38.5:1.5,MC3,97,,,mRNA,DSPE,DSPE-PEG,,,,CCCCC/C=C\C/C=C\CCCCCCCCC(OC(=O)CCCN(C)C)CCCCCCCC/C=C\C/C=C\CCCCC,,text,medium,"he siRNA and lipid components were dissolved in 50 mM citrate buffer and ethanol, respectively. The molar ratio of the lipids was 50:10:38.5:1.5 (MC3:  ⟶EE근거: NP@siNC, including both the fraction adsorbed on the cell surface and the internalized fraction inside the cells ( Fig. 1 F). The encapsulation effici",CXCR4 antagonistic lipid nanoparticles loading siRNA combat refractory AML through AML1-ETO depletion and homoharrington,,13213746,FALSE
10.1128/jvi.00269-26,50:38.5:10:1.5,SM102,90,,,mRNA,DSPC,,,,,CCCCCCCCCCCOC(=O)CCCCCN(CCCCCCCC(=O)OC(CCCCCCCC)CCCCCCCC)CCO,,text,medium,"holine (DSPC), cholesterol, and 1,2-dimyristoyl-rac-glycero-3-methoxypoly (ethylene glycol)-2000 (DMGPEG2000) at a molar ratio of 50:38.5:10:1.5 and w  ⟶EE근거: howed that all mRNA-LNP formulations had a particle size between 82.80 and 91.65 nm, with a PDI below 0.2 ( Fig. 2A and B ). mRNA encapsulation effici",A ubiquitinated E2-based mRNA vaccine confers complete protection against lethal challenge with classical swine fever vi,헬퍼(38.5) > 콜레스테롤(10) — 통상과 반대입니다. 순서가 뒤바뀌었거나 논문 오기일 수 있습니다 (뒤집으면 50:10:38.5:1.5),13387000,TRUE
10.1186/s12951-026-04273-w,50:10:38.5:1.5,SM-102,90,,,mRNA,SOPC,DMG-PEG2000,,,,CCCCCCCCCCCOC(=O)CCCCCN(CCCCCCCC(=O)OC(CCCCCCCC)CCCCCCCC)CCO,,text,medium,"L-12 in 0.1 M citrate buffer (pH = 4.0). The lipid phase comprised SM-102, SOPC, cholesterol, and DMG-PEG2000 at a molar ratio of 50:10:38.5:1.5 (mol%  ⟶EE근거: tentials ranged from − 2 to 0 mV, suggesting a near-neutral surface that could mitigate nonspecific serum protein adsorption. The encapsulation effici",A low-toxicity circular single-stranded DNA platform for safe and potent IL-12 immunotherapy against hepatocellular carc,,13352730,TRUE
10.1002/marc.202500428,50:39:9:2,,93.4,,,mRNA,DSPC,,,,,,,text,medium,"le lipid LP‐01, cholesterol, DSPC and one of the polymer lipids ( 2d , 3c , 4d , 5d or DMG‐PEG2000 as a control)) were mixed at a 50:39:9:2 molar rati  ⟶EE근거:  unencapsulated (free) mRNA with encapsulated mRNA released after lipid membrane lysis with TritonX‐100. lPG‐LNPs had the highest encapsulation effici",Polyglycerol‐Based Lipids: A Next‐Generation Alternative to PEG in Lipid Nanoparticles for Advanced Drug Delivery System,헬퍼(39) > 콜레스테롤(9) — 통상과 반대입니다. 순서가 뒤바뀌었거나 논문 오기일 수 있습니다 (뒤집으면 50:9:39:2),13384789,FALSE
10.1016/j.omta.2026.201698,50:10:38.5:1.5,ALC-0315,88.39,,,mRNA,DSPC,PEG-DMG,,,,CCCCCCCCC(CCCCCC)C(=O)OCCCCCCN(CCCCCCOC(=O)C(CCCCCC)CCCCCCCC)CCCCO,,text,medium,"lved in sodium acetate (pH 4) and rapidly mixed with a lipid solution consisting of ALC-0315, DSPC, cholesterol, and PEG-DMG at a 50:10:38.5:1.5% mola  ⟶EE근거: ntration of 0.1 mg/mL. pDNA-LNPs were characterized as previously described 65 and had the following characteristics (mean ± SD): encapsulation effici",Plasmid DNA vaccines encapsulated in lipid nanoparticles elicit STING-dependent type 1 interferon release,,13148951,FALSE
10.1021/acsami.6c05213,50:10:38.5:1.5,MC3,90,,,mRNA,DSPC,DSPE-PEG,,,,CCCCC/C=C\C/C=C\CCCCCCCCC(OC(=O)CCCN(C)C)CCCCCCCC/C=C\C/C=C\CCCCC,,text,medium,"n [DLIN-MC3-DMA ((10 Z ,13 Z )-1-(9 Z ,12 Z )-9,12-octadecadien-1-yl10,13-nonadeca-dien-1-yl ester)/DSPC/cholesterol/thiol-lipid, 50:10:38.5:1.5 mol %  ⟶EE근거: bited consistent trends as observed for firefly luciferase mRNA-LNPs ( Figure S5A ). Using RiboGreen-based assays, we determined >90% EE ( Figure S5B ",Lipid Nanoparticle Surface Engineering with Heparosan Polysaccharides for Safe and Effective mRNA Delivery In Vitro and ,,13198436,FALSE
10.1073/pnas.2519823123,50:10:38.5:1.5,SM102,82.5,,,mRNA,DSPC,DMG-PEG,,,,CCCCCCCCCCCOC(=O)CCCCCN(CCCCCCCC(=O)OC(CCCCCCCC)CCCCCCCC)CCO,,text,medium,"n the composition used in Moderna’s COVID-19 vaccine, consisting of SM102, DSPC, cholesterol, and DMG-PEG2000 at a molar ratio of 50:10:38.5:1.5 ( 22   ⟶EE근거: ved a 7.1-, and 6.8-fold increase in EGFP and luciferase expression relative to LNP-SM102, respectively; while maintaining a high encapsulation effici",Fluorinated lipid nanoparticles enable real-time tracking of mRNA delivery and uncover spatiotemporal mechanisms of immu,,12773726,FALSE
10.1128/jvi.01897-25,50:10:38.5:1.5,SM-102,94,,,mRNA,DSPC,DMG-PEG,,,,CCCCCCCCCCCOC(=O)CCCCCN(CCCCCCCC(=O)OC(CCCCCCCC)CCCCCCCC)CCO,,text,medium,"nic phase, composed of ionizable lipid (SM-102), DSPC, cholesterol, and DMG-PEG-2000, was prepared in ethanol at a molar ratio of 50:10:38.5:1.5 (indi  ⟶EE근거:  RNA standard curve ( Fig. S3C ). All four mRNA-LNPs exhibited comparable particle sizes (102–110 nm), PDI (0.107–0.134), and RNA EE% (94%–96%) ( Fig.",mRNA-delivered neutralizing antibodies confer protection against SARS-CoV-2 in animal models,,12911912,FALSE
10.1128/jvi.00457-26,50:38.5,SM-102,97,,,mRNA,DSPC,DMG-PEG2000,,,,CCCCCCCCCCCOC(=O)CCCCCN(CCCCCCCC(=O)OC(CCCCCCCC)CCCCCCCC)CCO,,text,medium,"ocholine (DSPC), cholesterol, and 1,2-dimyristoyl-rac-glycero-3-methoxypolyethylene glycol-2000 (DMG-PEG2000) at a molar ratio of 50:10:38.5:1.5. Lipi  ⟶EE근거: uidic mixing and characterized by hydrodynamic diameter, PDI, zeta potential, and encapsulation efficiency. The LNPs exhibited an encapsulation effici",A chimeric trivalent Echovirus vaccine designed by loop substitution elicits cross-neutralizing immunity against serotyp,,13289168,TRUE
10.2147/IJN.S604443,50:10:38.5:1.5,DLin-MC3-DMA,84.18,,,mRNA,DSPC,DMG-PEG2000,,,,CCCCC/C=C\C/C=C\CCCCCCCCC(OC(=O)CCCN(C)C)CCCCCCCC/C=C\C/C=C\CCCCC,,text,medium,"ol, and DMG-PEG2000 (all supplied by Xi’an Ruixi Biological Technology Co., Ltd., Xi’an, China)—were combined at a molar ratio of 50:10:38.5:1.5 and d  ⟶EE근거: NA encapsulation. Quantitative analysis indicated that the loading capacity of Cy5.5-HIF-1α-siRNA in tLNP/siHIF was 2.5%, with an encapsulation effici",Prenatal Delivery of HIF-1α siRNA Using Transferrin-Modified Lipid Nanoparticles Alleviates Hypoxia-Induced Neurodevelop,,13180366,FALSE
10.1002/advs.202517672,35:16:46.5:2.5,MC3,80,,,mRNA,DOPE,,,,,CCCCC/C=C\C/C=C\CCCCCCCCC(OC(=O)CCCN(C)C)CCCCCCCC/C=C\C/C=C\CCCCC,,text,medium,"ons containing ionizable NPL lipids combined with helper lipids (DOPE, cholesterol, and DMG‐PEG2000) at a standard molar ratio of 35:16:46.5:2.5 (Figu  ⟶EE근거: a standard molar ratio of 35:16:46.5:2.5 (Figure 1A ). These LNPs, encapsulating firefly luciferase mRNA (mFluc), demonstrated 50–80% encapsulation ef",A Simplified Three‐Tailed N‐Alkyl Phosphoramidate Lipid Platform Enables Inguinal Adipose‐Accumulated mRNA Delivery for ,,12915099,FALSE
10.1002/adhm.202503748,10:38.5,MC3,86.85,,,mRNA,DSPC,,,,,CCCCC/C=C\C/C=C\CCCCCCCCC(OC(=O)CCCN(C)C)CCCCCCCC/C=C\C/C=C\CCCCC,,text,medium,"oparticles (CPP LNPs) CPP LNPs were formulated by dissolving MC3, DSPC, cholesterol, and DMG‐PEG2k in ethanol at a molar ratio of 50:10:38.5:1.5. To o  ⟶EE근거: ter confirming efficient siRNA delivery, the intracellular delivery of siGPX4 PLNPs in 4T1 breast cancer cells was evaluated. The encapsulation effici",Photosensitizing Lipid Nanoparticles for Ferroptosis‐Enhanced Photodynamic Cancer Therapy via GPX4 Silencing,,12908211,FALSE
10.3390/pharmaceutics18070901,10:38.5,DLin-MC3-DMA,90,,,mRNA,DSPC,,,,,CCCCC/C=C\C/C=C\CCCCCCCCC(OC(=O)CCCN(C)C)CCCCCCCC/C=C\C/C=C\CCCCC,,text,medium,"oparticles The LNP was prepared as previously described [ 38 , 39 ]. Briefly, DLin-MC3-DMA, cholesterol, and DSPC (molar ratio of 50/38.5/10) were mix  ⟶EE근거: icroscopy (TEM) images proved that CMLNP possessed an extra outer layer compared with the LNP due to CM coating. In addition, the encapsulation effici",Cell Membrane-Modified Lipid Nanoparticle Enhanced Glioblastoma Immunotherapy via Metabolism Reprogramming and Pyroptosi,,13414723,TRUE
10.1016/j.jve.2026.100627,50:38.5:10:1.5,SM-102,96.4,,,mRNA,DSPC,DMG-PEG2000,,,,CCCCCCCCCCCOC(=O)CCCCCN(CCCCCCCC(=O)OC(CCCCCCCC)CCCCCCCC)CCO,,text,medium,"ormulated by Genewiz Biotechnology Co., Ltd (Suzhou, China) by dissolving the following components in ethanol at a molar ratio of 50:38.5:10:1.5 for c  ⟶EE근거: ncapsulation efficiency. The results demonstrated that IFN-α14 LNP exhibited an average size of 69.4 nm ( Fig. 2 B and C), a high encapsulation effici",Antiviral efficacy of LNP-delivered IFN-α14-ApoAI mRNA for chronic hepatitis B,헬퍼(38.5) > 콜레스테롤(10) — 통상과 반대입니다. 순서가 뒤바뀌었거나 논문 오기일 수 있습니다 (뒤집으면 50:10:38.5:1.5),13272520,FALSE
10.3390/vaccines14030239,10:38.5:1.25:50,SM-102,90,,,mRNA,DSPE,DMG-PEG2000,,,,CCCCCCCCCCCOC(=O)CCCCCN(CCCCCCCC(=O)OC(CCCCCCCC)CCCCCCCC)CCO,,text,medium,PE)–PEG–maleimide via a C-terminal cysteine post-insertion technique. The proportion of all lipid components was a molar ratio of 50:10:38.5:1.25:0.25  ⟶EE근거: the suitability of these formulations for mRNA delivery applications ( Figure 2 E) [ 54 ]. Both Mal-LNP and Nb-LNP exhibited over 90% mRNA encapsulati,A Precision-Engineered DC-Targeting mRNA-LNP Neoantigen Vaccine Elicits Stronger T Cell Responses and Exhibits Superior ,헬퍼(38.5) > 콜레스테롤(1.25) — 통상과 반대입니다. 순서가 뒤바뀌었거나 논문 오기일 수 있습니다 (뒤집으면 10:1.25:38.5:50); PEG(50%)가 통상 범위(0.5~5%)보다 큽니다; 이온화지질(10%)이 통상 범위(25~60%)를 벗어납니다,13030069,TRUE
10.1186/s12951-026-04272-x,10:38.5,SM102,80,,,mRNA,DSPC,DMG-PEG,,,,CCCCCCCCCCCOC(=O)CCCCCN(CCCCCCCC(=O)OC(CCCCCCCC)CCCCCCCC)CCO,,text,medium,"Preparation Ionize lipid SM102, DSPC, cholesterol, and DMG-PEG were dissolved in ethanol at 10 mM and mixed at the molar ratio of 50:10:38.5:1.5. For   ⟶EE근거:  (saCNTF@LNP), and DSF-loaded LNPs (DSF@LNP) for controls. Their particle size and PDI were shown in Figures S11 and S12. The RNA encapsulation effici",Self-amplifying RNA therapy encoding CNTF with disulfiram co-delivery promotes optic nerve repair through microglial pyr,,13101238,TRUE
10.3389/fimmu.2026.1771359,50:10:38.5:1.5,SM-102,94.6,,,mRNA,DSPC,,,,,CCCCCCCCCCCOC(=O)CCCCCN(CCCCCCCC(=O)OC(CCCCCCCC)CCCCCCCC)CCO,,text,medium,"resis, respectively. 2.3 Preparation of vaccines For the preparation of LNP, lipids were dissolved in ethanol at a molar ratio of 50:10:38.5:1.5 (SM-1  ⟶EE근거: harge of -3.89 ( Supplementary Figure 1E ). By calculating the ratio between the quality of detected mRNA and the input dose, the encapsulation effici",A single-dose mRNA vaccine induces potent and long-lasting humoral and cellular immunity against the varicella-zoster vi,,13051512,FALSE
10.3389/fimmu.2026.1779381,50:10:38.5:1.5,SM102,93.72,,,mRNA,DSPC,DMG-PEG2000,,,,CCCCCCCCCCCOC(=O)CCCCCN(CCCCCCCC(=O)OC(CCCCCCCC)CCCCCCCC)CCO,,text,medium,"reviously described ( 17 ). Briefly, SM102, DSPC, cholesterol, and DMG-PEG2000 were mixed in the ethanol phase at molar ratios of 50:10:38.5:1.5 and r  ⟶EE근거: . mRNA encapsulation efficiency and quantification were determined using the Quant-it Ribogreen reagent (Thermo Fisher, R11491 ). Encapsulation effici",Rapid assessment of immune effector cell-mediated cytotoxicity using mRNA lipid nanoparticles,,13199253,FALSE
10.1080/22221751.2026.2685927,50:10:38.5:1.5,,90,,,mRNA,,,,,,,,text,medium,"rised four components: cationic lipid, phosphatidylcholine, cholesterol, and polyethylene glycol (PEG)-lipid, at a molar ratio of 50:10:38.5:1.5, whic  ⟶EE근거: 48 nm, and the polymer dispersity index (PDI) value of LNPs showed good stability of the LNP dispersion system ( Figure 1 D). The encapsulation effici",An mRNA-LNP vaccine expressing TP0435 provides protective immunity in rabbits against Treponema pallidum challenge,,13288832,FALSE
10.1002/advs.202519225,10:49:40:1,DODAP,50,,,mRNA,DSPC,,,,,CCCCCCCC/C=C\CCCCCCCC(=O)OCC(CN(C)C)OC(=O)CCCCCCC/C=C\CCCCCCCC,,text,medium,"s (LNPs) were prepared using a microfluidic mixing technique. A lipid mixture composed of DODAP, DSPC, cholesterol, and DSPE‐PEG (10:49:40:1 molar rat  ⟶EE근거: eneration LNP‐based miRNA delivery systems. This work also identifies critical limitations that require further optimization. The encapsulation effici",Microfluidic‐Driven Lipid Nanoparticles for Improved miRNA Delivery via Endo‐Lysosomal Trafficking Optimization,헬퍼(49) > 콜레스테롤(40) — 통상과 반대입니다. 순서가 뒤바뀌었거나 논문 오기일 수 있습니다 (뒤집으면 10:40:49:1); 이온화지질(10%)이 통상 범위(25~60%)를 벗어납니다,13115942,TRUE
10.3390/ph19071087,50:38.5:10:1.5,DLin-MC3-DMA,82.89,,,mRNA,DSPC,,,,,CCCCC/C=C\C/C=C\CCCCCCCCC(OC(=O)CCCN(C)C)CCCCCCCC/C=C\C/C=C\CCCCC,,text,medium,"Shanghai, China), and 14:0 PEG2000 PE (Sigma-Aldrich, St. Louis, MO, USA) were dissolved in anhydrous ethanol at a molar ratio of 50:38.5:10:1.5 to fo  ⟶EE근거: . si- Cyp2e1 LNPs showed a mean particle size of 72.47 ± 1.15 nm, a PDI of 0.144 ± 0.008, a zeta potential of −0.45 ± 0.10 mV, an encapsulation effici","Liver-Directed Cyp2e1 RNA Interference Attenuates Hepatotoxicity Induced by Triptolide, a Bioactive Diterpenoid from Tri",헬퍼(38.5) > 콜레스테롤(10) — 통상과 반대입니다. 순서가 뒤바뀌었거나 논문 오기일 수 있습니다 (뒤집으면 50:10:38.5:1.5),13416182,TRUE
10.1007/s11095-026-04086-4,50:10:38.5:1.5,ALC-0315,89,,,mRNA,DSPC,DMG-PEG,,,,CCCCCCCCC(CCCCCC)C(=O)OCCCCCCN(CCCCCCOC(=O)C(CCCCCC)CCCCCCCC)CCCCO,,text,medium,"SPC), cholesterol and 1,2-dimyristoyl-rac-glycero-3-methoxypolyethylene glycol-2000 (DMG-PEG-2000) in ethanol at a molar ratio of 50:10:38.5:1.5 (Fig.  ⟶EE근거:  with the Flex-M instrument. The produced mRNA LNPs had an average diameter of 98.4 nm with a PDI of 0.07 (< 0.2) (Fig. 1 B). The encapsulation effici","Whole-Body Pharmacokinetics of Lipid, mRNA and Translated Protein Following Intravenous Administration of Spike Protein ",,13269152,FALSE
10.1002/advs.76003,50:10:38.5:1.5,,100,,,mRNA,DSPC,,,,,,,text,medium,"ueous solutions were rapidly vortex‐mixed. For the preparation of COM‐LNPs and LPC‐LNPs, the molar ratio was 50/10/38.5/1.5/0 and 50/10/38.5/1.5/14 fo  ⟶EE근거: modified formulations (Figure 1G ). Importantly, 16:0 LPC incorporation did not compromise nucleic acid loading, achieving an RNA encapsulation effici",Tumor‐Specific Delivery of CD28 siRNA via Lyso‐PC C‐16 Modified Lipid Nanoparticles Overcomes Anti‐PD‐1 Resistance by Re,,13337025,TRUE
10.1002/advs.76671,50:10:38.5:1.5,MC3,94.2,,,mRNA,DSPC,,,,,CCCCC/C=C\C/C=C\CCCCCCCCC(OC(=O)CCCN(C)C)CCCCCCCC/C=C\C/C=C\CCCCC,,text,medium,"ure (1:1, v/v) at a concentration of 50 µg/µL, mixed according to the molar ratio of ionizable lipid: DSPC: sterol: DMG‐PEG2000 = 50:10:38.5:1.5, and   ⟶EE근거: clearly highlighted the structural and physicochemical differences between cholesterol and bile acids. Chol LNPs exhibited a high EE of 94.2%, whereas",Molecular Dynamics‐Guided Sterol Engineering of mRNA‐Lipid Nanoparticles Reprograms Biodistribution and Enhances Spleen‐,,13387038,FALSE
10.1186/s12951-026-04319-z,10:38.5,SM-102,90,,,mRNA,DSPC,,,,,CCCCCCCCCCCOC(=O)CCCCCN(CCCCCCCC(=O)OC(CCCCCCCC)CCCCCCCC)CCO,,text,medium,"was rapidly mixed with an ethanol phase containing a lipid mixture of SM102, DSPC, cholesterol, and PEG-lipid at a molar ratio of 50:10:38.5:1.5. The   ⟶EE근거:  × 10¹² particles/mL for freshly prepared LNPs and 8.8 × 10¹²–13.9 × 10¹² particles/mL after storage (Fig. 3 g). Both maintaining encapsulation effici",A novel CLDN6 nanobody-based bispecific T-cell engager delivered by self-amplifying RNA platform exhibits potent antitum,,13141281,TRUE
10.1021/acsnano.5c22170,45:9:44:2,SM-102,94,,,mRNA,DSPC,DMG-PEG,,,,CCCCCCCCCCCOC(=O)CCCCCN(CCCCCCCC(=O)OC(CCCCCCCC)CCCCCCCC)CCO,,text,medium,"y were then combined in a 20 mL scintillation vial and EtOH added for a final concentration of 33.7 mM lipid and a molar ratio of 45:44:9:2 (Ionizable  ⟶EE근거: hile those in citrate buffer displayed a modestly reduced pH of 6.9. At these measured pH values, all formulations exhibited high encapsulation effici","Storage Buffer Composition Impacts Internal Structure, Freeze–Thaw Stability, and Transfection Efficiency of mRNA-Lipid ",,13325854,FALSE
10.1038/s41541-026-01441-9,50:10:38.5:1.5,Lipid 5,80,,,mRNA,DSPC,DMG-PEG2000,,,,CCCCCCCCCOC(=O)CCCCCCCN(CCCCCCCC(=O)OC(CCCCCCCC)CCCCCCCC)CCO,,,,,,,,
10.3390/ph19071087,50:38.5:10:1.5,DLin-MC3-DMA,82.89,,,mRNA,DSPC,,,,,CCCCC/C=C\C/C=C\CCCCCCCCC(OC(=O)CCCN(C)C)CCCCCCCC/C=C\C/C=C\CCCCC,,,,,,,,
10.3390/pharmaceutics18070901,10:38.5,DLin-MC3-DMA,90,,,mRNA,DSPC,,,,,CCCCC/C=C\C/C=C\CCCCCCCCC(OC(=O)CCCN(C)C)CCCCCCCC/C=C\C/C=C\CCCCC,,,,,,,,
10.1128/jvi.00269-26,50:38.5:10:1.5,SM102,90,,,mRNA,DSPC,,,,,CCCCCCCCCCCOC(=O)CCCCCN(CCCCCCCC(=O)OC(CCCCCCCC)CCCCCCCC)CCO,,,,,,,,
10.1186/s12951-026-04273-w,50:10:38.5:1.5,SM-102,90,,,mRNA,SOPC,DMG-PEG2000,,,,CCCCCCCCCCCOC(=O)CCCCCN(CCCCCCCC(=O)OC(CCCCCCCC)CCCCCCCC)CCO,,,,,,,,
10.1002/marc.202500428,50:39:9:2,,93.4,,,mRNA,DSPC,,,,,,,,,,,,,
10.1186/s12951-026-04557-1,46.3:9.4:42.7:1.6,ALC-0315,94,,,mRNA,DSPC,,,,,CCCCCCCCC(CCCCCC)C(=O)OCCCCCCN(CCCCCCOC(=O)C(CCCCCC)CCCCCCCC)CCCCO,,,,,,,,
10.1021/acsnano.5c22170,45:9:44:2,SM-102,94,,,mRNA,DSPC,DMG-PEG,,,,CCCCCCCCCCCOC(=O)CCCCCN(CCCCCCCC(=O)OC(CCCCCCCC)CCCCCCCC)CCO,,,,,,,,
10.1002/advs.76671,50:10:38.5:1.5,MC3,94.2,,,mRNA,DSPC,,,,,CCCCC/C=C\C/C=C\CCCCCCCCC(OC(=O)CCCN(C)C)CCCCCCCC/C=C\C/C=C\CCCCC,,,,,,,,
10.64898/2026.07.21.737377,50:10:38.5:1.5,MC3,95,,,mRNA,DSPC,DMG-PEG,,,,CCCCC/C=C\C/C=C\CCCCCCCCC(OC(=O)CCCN(C)C)CCCCCCCC/C=C\C/C=C\CCCCC,,,,,,,,
10.1002/advs.76003,50:10:38.5:1.5,,100,,,mRNA,DSPC,,,,,,,,,,,,,
